-- phpMyAdmin SQL Dump
-- version 5.2.2deb2
-- https://www.phpmyadmin.net/
--
-- Host: localhost:3306
-- Waktu pembuatan: 24 Des 2025 pada 14.56
-- Versi server: 8.4.7-0ubuntu0.25.10.2
-- Versi PHP: 8.4.11

SET SQL_MODE = "NO_AUTO_VALUE_ON_ZERO";
START TRANSACTION;
SET time_zone = "+00:00";


/*!40101 SET @OLD_CHARACTER_SET_CLIENT=@@CHARACTER_SET_CLIENT */;
/*!40101 SET @OLD_CHARACTER_SET_RESULTS=@@CHARACTER_SET_RESULTS */;
/*!40101 SET @OLD_COLLATION_CONNECTION=@@COLLATION_CONNECTION */;
/*!40101 SET NAMES utf8mb4 */;

--
-- Database: `ticketly`
--

-- --------------------------------------------------------

--
-- Struktur dari tabel `auth_groups_users`
--

CREATE TABLE `auth_groups_users` (
  `id` int UNSIGNED NOT NULL,
  `user_id` int UNSIGNED NOT NULL,
  `group` varchar(255) CHARACTER SET utf8mb4 COLLATE utf8mb4_general_ci NOT NULL,
  `created_at` datetime NOT NULL
) ENGINE=InnoDB DEFAULT CHARSET=utf8mb4 COLLATE=utf8mb4_general_ci;

--
-- Dumping data untuk tabel `auth_groups_users`
--

INSERT INTO `auth_groups_users` (`id`, `user_id`, `group`, `created_at`) VALUES
(4, 4, 'admin', '2025-11-18 05:15:31'),
(7, 7, 'user', '2025-11-24 12:53:33'),
(11, 11, 'user', '2025-12-05 14:00:54');

-- --------------------------------------------------------

--
-- Struktur dari tabel `auth_identities`
--

CREATE TABLE `auth_identities` (
  `id` int UNSIGNED NOT NULL,
  `user_id` int UNSIGNED NOT NULL,
  `type` varchar(255) CHARACTER SET utf8mb4 COLLATE utf8mb4_general_ci NOT NULL,
  `name` varchar(255) CHARACTER SET utf8mb4 COLLATE utf8mb4_general_ci DEFAULT NULL,
  `secret` varchar(255) CHARACTER SET utf8mb4 COLLATE utf8mb4_general_ci NOT NULL,
  `secret2` varchar(255) CHARACTER SET utf8mb4 COLLATE utf8mb4_general_ci DEFAULT NULL,
  `expires` datetime DEFAULT NULL,
  `extra` text CHARACTER SET utf8mb4 COLLATE utf8mb4_general_ci,
  `force_reset` tinyint(1) NOT NULL DEFAULT '0',
  `last_used_at` datetime DEFAULT NULL,
  `created_at` datetime DEFAULT NULL,
  `updated_at` datetime DEFAULT NULL
) ENGINE=InnoDB DEFAULT CHARSET=utf8mb4 COLLATE=utf8mb4_general_ci;

--
-- Dumping data untuk tabel `auth_identities`
--

INSERT INTO `auth_identities` (`id`, `user_id`, `type`, `name`, `secret`, `secret2`, `expires`, `extra`, `force_reset`, `last_used_at`, `created_at`, `updated_at`) VALUES
(8, 4, 'email_password', NULL, 'admin@ticketly.com', '$2y$12$UNAPSl82AjzeGp04d4pu3.RSuO2vJipyBVlhg/ePSwv.Aq6.m5RaK', NULL, NULL, 0, '2025-12-24 21:55:40', '2025-11-18 05:15:31', '2025-12-24 21:55:40'),
(28, 7, 'email_password', NULL, 'dzakirahraihanah27@gmail.com', '$2y$12$3PqG/W1anBmPZiq1SvU3O.mqyudh08lXFBdW5KSkhbPkh8.ynCS/W', NULL, NULL, 0, '2025-11-27 03:46:43', '2025-11-24 12:53:32', '2025-11-27 03:46:43'),
(43, 4, 'magic-link', NULL, 'ca0e67a972c2c43158f5', NULL, '2025-12-01 06:14:04', NULL, 0, NULL, '2025-12-01 05:14:04', '2025-12-01 05:14:04'),
(76, 11, 'email_password', NULL, 'pratamaputra6854@gmail.com', '$2y$12$r/pYGLX71PhPrKIUmN2SuOIGkjMcdnMfzyIfoa1E2dGKWX3mF5g0i', NULL, NULL, 0, '2025-12-24 21:51:52', '2025-12-05 14:00:53', '2025-12-24 21:51:52');

-- --------------------------------------------------------

--
-- Struktur dari tabel `auth_logins`
--

CREATE TABLE `auth_logins` (
  `id` int UNSIGNED NOT NULL,
  `ip_address` varchar(255) CHARACTER SET utf8mb4 COLLATE utf8mb4_general_ci NOT NULL,
  `user_agent` varchar(255) CHARACTER SET utf8mb4 COLLATE utf8mb4_general_ci DEFAULT NULL,
  `id_type` varchar(255) CHARACTER SET utf8mb4 COLLATE utf8mb4_general_ci NOT NULL,
  `identifier` varchar(255) CHARACTER SET utf8mb4 COLLATE utf8mb4_general_ci NOT NULL,
  `user_id` int UNSIGNED DEFAULT NULL,
  `date` datetime NOT NULL,
  `success` tinyint(1) NOT NULL
) ENGINE=InnoDB DEFAULT CHARSET=utf8mb4 COLLATE=utf8mb4_general_ci;

--
-- Dumping data untuk tabel `auth_logins`
--

INSERT INTO `auth_logins` (`id`, `ip_address`, `user_agent`, `id_type`, `identifier`, `user_id`, `date`, `success`) VALUES
(1, '::1', 'Mozilla/5.0 (Windows NT 10.0; Win64; x64) AppleWebKit/537.36 (KHTML, like Gecko) Chrome/142.0.0.0 Safari/537.36', 'email_password', 'anothersideoftama@gmail.com', NULL, '2025-11-14 12:18:50', 0),
(2, '::1', 'Mozilla/5.0 (Windows NT 10.0; Win64; x64) AppleWebKit/537.36 (KHTML, like Gecko) Chrome/142.0.0.0 Safari/537.36', 'email_password', 'anothersideoftama@gmail.com', NULL, '2025-11-14 12:18:55', 0),
(3, '::1', 'Mozilla/5.0 (Windows NT 10.0; Win64; x64) AppleWebKit/537.36 (KHTML, like Gecko) Chrome/142.0.0.0 Safari/537.36', 'email_password', 'anothersideoftama@gmail.com', NULL, '2025-11-14 12:19:01', 0),
(4, '::1', 'Mozilla/5.0 (Windows NT 10.0; Win64; x64) AppleWebKit/537.36 (KHTML, like Gecko) Chrome/142.0.0.0 Safari/537.36', 'email_password', 'anothersideoftama@gmail.com', 2, '2025-11-14 12:25:36', 1),
(5, '::1', 'Mozilla/5.0 (Windows NT 10.0; Win64; x64) AppleWebKit/537.36 (KHTML, like Gecko) Chrome/142.0.0.0 Safari/537.36', 'email_password', 'anothersideoftama@gmail.com', 3, '2025-11-14 13:02:30', 1),
(6, '::1', 'Mozilla/5.0 (Windows NT 10.0; Win64; x64) AppleWebKit/537.36 (KHTML, like Gecko) Chrome/142.0.0.0 Safari/537.36', 'email_password', 'anothersideoftama@gmail.com', 3, '2025-11-14 13:06:44', 1),
(7, '::1', 'Mozilla/5.0 (Windows NT 10.0; Win64; x64) AppleWebKit/537.36 (KHTML, like Gecko) Chrome/142.0.0.0 Safari/537.36', 'email_password', 'anothersideoftama@gmail.com', 3, '2025-11-14 13:21:51', 1),
(8, '::1', 'Mozilla/5.0 (Windows NT 10.0; Win64; x64) AppleWebKit/537.36 (KHTML, like Gecko) Chrome/142.0.0.0 Safari/537.36', 'email_password', 'anothersideoftama@gmail.com', 3, '2025-11-14 13:51:24', 1),
(9, '::1', 'Mozilla/5.0 (Windows NT 10.0; Win64; x64) AppleWebKit/537.36 (KHTML, like Gecko) Chrome/142.0.0.0 Safari/537.36', 'email_password', 'anothersideoftama@gmail.com', 3, '2025-11-14 14:35:03', 1),
(10, '::1', 'Mozilla/5.0 (Windows NT 10.0; Win64; x64) AppleWebKit/537.36 (KHTML, like Gecko) Chrome/142.0.0.0 Safari/537.36', 'email_password', 'anothersideoftama@gmail.com', 3, '2025-11-15 08:00:06', 1),
(11, '::1', 'Mozilla/5.0 (Windows NT 10.0; Win64; x64) AppleWebKit/537.36 (KHTML, like Gecko) Chrome/142.0.0.0 Safari/537.36', 'magic-link', '8eb09b53cb01a7ecb4c6', 3, '2025-11-15 08:01:10', 1),
(12, '::1', 'Mozilla/5.0 (Windows NT 10.0; Win64; x64) AppleWebKit/537.36 (KHTML, like Gecko) Chrome/142.0.0.0 Safari/537.36', 'email_password', 'anothersideoftama@gmail.com', 3, '2025-11-15 11:28:55', 1),
(13, '::1', 'Mozilla/5.0 (Windows NT 10.0; Win64; x64) AppleWebKit/537.36 (KHTML, like Gecko) Chrome/142.0.0.0 Safari/537.36', 'email_password', 'anothersideoftama@gmail.com', 3, '2025-11-15 12:07:28', 1),
(14, '::1', 'Mozilla/5.0 (Windows NT 10.0; Win64; x64) AppleWebKit/537.36 (KHTML, like Gecko) Chrome/142.0.0.0 Safari/537.36', 'email_password', 'anothersideoftama@gmail.com', 3, '2025-11-15 12:50:29', 1),
(15, '::1', 'Mozilla/5.0 (Windows NT 10.0; Win64; x64) AppleWebKit/537.36 (KHTML, like Gecko) Chrome/142.0.0.0 Safari/537.36', 'email_password', 'anothersideoftama@gmail.com', 3, '2025-11-15 23:44:12', 1),
(16, '::1', 'Mozilla/5.0 (Windows NT 10.0; Win64; x64) AppleWebKit/537.36 (KHTML, like Gecko) Chrome/142.0.0.0 Safari/537.36', 'email_password', 'anothersideoftama@gmail.com', 3, '2025-11-15 23:51:17', 1),
(17, '::1', 'Mozilla/5.0 (Windows NT 10.0; Win64; x64) AppleWebKit/537.36 (KHTML, like Gecko) Chrome/142.0.0.0 Safari/537.36', 'email_password', 'anothersideoftama@gmail.com', 3, '2025-11-15 23:56:36', 1),
(18, '::1', 'Mozilla/5.0 (Windows NT 10.0; Win64; x64) AppleWebKit/537.36 (KHTML, like Gecko) Chrome/142.0.0.0 Safari/537.36', 'email_password', 'anothersideoftama@gmail.com', 3, '2025-11-16 00:04:25', 1),
(19, '::1', 'Mozilla/5.0 (Windows NT 10.0; Win64; x64) AppleWebKit/537.36 (KHTML, like Gecko) Chrome/142.0.0.0 Safari/537.36', 'email_password', 'anothersideoftama@gmail.com', 3, '2025-11-16 00:05:53', 1),
(20, '::1', 'Mozilla/5.0 (Windows NT 10.0; Win64; x64) AppleWebKit/537.36 (KHTML, like Gecko) Chrome/142.0.0.0 Safari/537.36', 'email_password', 'anothersideoftama@gmail.com', 3, '2025-11-16 00:23:48', 1),
(21, '::1', 'Mozilla/5.0 (Windows NT 10.0; Win64; x64) AppleWebKit/537.36 (KHTML, like Gecko) Chrome/142.0.0.0 Safari/537.36', 'email_password', 'anothersideoftama@gmail.com', 3, '2025-11-16 00:30:29', 1),
(22, '::1', 'Mozilla/5.0 (Windows NT 10.0; Win64; x64) AppleWebKit/537.36 (KHTML, like Gecko) Chrome/142.0.0.0 Safari/537.36', 'email_password', 'anothersideoftama@gmail.com', 3, '2025-11-16 00:36:16', 1),
(23, '::1', 'Mozilla/5.0 (Windows NT 10.0; Win64; x64) AppleWebKit/537.36 (KHTML, like Gecko) Chrome/142.0.0.0 Safari/537.36', 'email_password', 'anothersideoftama@gmail.com', 3, '2025-11-16 00:36:56', 1),
(24, '::1', 'Mozilla/5.0 (Windows NT 10.0; Win64; x64) AppleWebKit/537.36 (KHTML, like Gecko) Chrome/142.0.0.0 Safari/537.36', 'email_password', 'anothersideoftama@gmail.com', 3, '2025-11-16 00:41:33', 1),
(25, '::1', 'Mozilla/5.0 (Windows NT 10.0; Win64; x64) AppleWebKit/537.36 (KHTML, like Gecko) Chrome/142.0.0.0 Safari/537.36', 'email_password', 'anothersideoftama@gmail.com', 3, '2025-11-16 00:45:05', 1),
(26, '::1', 'Mozilla/5.0 (Windows NT 10.0; Win64; x64) AppleWebKit/537.36 (KHTML, like Gecko) Chrome/142.0.0.0 Safari/537.36', 'email_password', 'anothersideoftama@gmail.com', 3, '2025-11-16 01:08:19', 1),
(27, '::1', 'Mozilla/5.0 (Windows NT 10.0; Win64; x64) AppleWebKit/537.36 (KHTML, like Gecko) Chrome/142.0.0.0 Safari/537.36', 'email_password', 'anothersideoftama@gmail.com', 3, '2025-11-16 01:08:48', 1),
(28, '::1', 'Mozilla/5.0 (Windows NT 10.0; Win64; x64) AppleWebKit/537.36 (KHTML, like Gecko) Chrome/142.0.0.0 Safari/537.36', 'email_password', 'anothersideoftama@gmail.com', 3, '2025-11-16 01:23:14', 1),
(29, '::1', 'Mozilla/5.0 (Windows NT 10.0; Win64; x64) AppleWebKit/537.36 (KHTML, like Gecko) Chrome/142.0.0.0 Safari/537.36', 'email_password', 'anothersideoftama@gmail.com', 3, '2025-11-16 01:33:25', 1),
(30, '::1', 'Mozilla/5.0 (Windows NT 10.0; Win64; x64) AppleWebKit/537.36 (KHTML, like Gecko) Chrome/142.0.0.0 Safari/537.36', 'email_password', 'anothersideoftama@gmail.com', 3, '2025-11-16 01:33:46', 1),
(31, '::1', 'Mozilla/5.0 (Windows NT 10.0; Win64; x64) AppleWebKit/537.36 (KHTML, like Gecko) Chrome/142.0.0.0 Safari/537.36', 'email_password', 'anothersideoftama@gmail.com', 3, '2025-11-16 01:50:17', 1),
(32, '::1', 'Mozilla/5.0 (Windows NT 10.0; Win64; x64) AppleWebKit/537.36 (KHTML, like Gecko) Chrome/142.0.0.0 Safari/537.36', 'email_password', 'anothersideoftama@gmail.com', 3, '2025-11-16 02:22:59', 1),
(33, '::1', 'Mozilla/5.0 (Linux; Android 6.0; Nexus 5 Build/MRA58N) AppleWebKit/537.36 (KHTML, like Gecko) Chrome/142.0.0.0 Mobile Safari/537.36', 'email_password', 'anothersideoftama@gmail.com', 3, '2025-11-16 09:45:37', 1),
(34, '::1', 'Mozilla/5.0 (Windows NT 10.0; Win64; x64) AppleWebKit/537.36 (KHTML, like Gecko) Chrome/142.0.0.0 Safari/537.36', 'email_password', 'anothersideoftama@gmail.com', 3, '2025-11-16 13:32:13', 1),
(35, '::1', 'Mozilla/5.0 (Windows NT 10.0; Win64; x64) AppleWebKit/537.36 (KHTML, like Gecko) Chrome/142.0.0.0 Safari/537.36', 'email_password', 'anothersideoftama@gmail.com', 3, '2025-11-16 15:10:04', 1),
(36, '::1', 'Mozilla/5.0 (Windows NT 10.0; Win64; x64) AppleWebKit/537.36 (KHTML, like Gecko) Chrome/142.0.0.0 Safari/537.36', 'email_password', 'anothersideoftama@gmail.com', 3, '2025-11-16 22:13:22', 1),
(37, '::1', 'Mozilla/5.0 (Windows NT 10.0; Win64; x64) AppleWebKit/537.36 (KHTML, like Gecko) Chrome/142.0.0.0 Safari/537.36', 'email_password', 'anothersideoftama@gmail.com', 3, '2025-11-17 00:23:49', 1),
(38, '::1', 'Mozilla/5.0 (Windows NT 10.0; Win64; x64) AppleWebKit/537.36 (KHTML, like Gecko) Chrome/142.0.0.0 Safari/537.36', 'email_password', 'anothersideoftama@gmail.com', 3, '2025-11-17 00:36:37', 1),
(39, '::1', 'Mozilla/5.0 (Windows NT 10.0; Win64; x64) AppleWebKit/537.36 (KHTML, like Gecko) Chrome/142.0.0.0 Safari/537.36', 'email_password', 'anothersideoftama@gmail.com', 3, '2025-11-17 00:50:28', 1),
(40, '::1', 'Mozilla/5.0 (Windows NT 10.0; Win64; x64) AppleWebKit/537.36 (KHTML, like Gecko) Chrome/142.0.0.0 Safari/537.36', 'magic-link', 'b3646f23e6380423445d', 3, '2025-11-17 03:32:01', 1),
(41, '::1', 'Mozilla/5.0 (Windows NT 10.0; Win64; x64) AppleWebKit/537.36 (KHTML, like Gecko) Chrome/142.0.0.0 Safari/537.36', 'email_password', 'anothersideoftama@gmail.com', 3, '2025-11-17 09:21:45', 1),
(42, '::1', 'Mozilla/5.0 (Windows NT 10.0; Win64; x64) AppleWebKit/537.36 (KHTML, like Gecko) Chrome/142.0.0.0 Safari/537.36', 'email_password', 'anothersideoftama@gmail.com', 3, '2025-11-18 05:04:28', 1),
(43, '::1', 'Mozilla/5.0 (Windows NT 10.0; Win64; x64) AppleWebKit/537.36 (KHTML, like Gecko) Chrome/142.0.0.0 Safari/537.36', 'email_password', 'admin@ticketly.com', 4, '2025-11-18 05:16:02', 1),
(44, '::1', 'Mozilla/5.0 (Windows NT 10.0; Win64; x64) AppleWebKit/537.36 (KHTML, like Gecko) Chrome/142.0.0.0 Safari/537.36', 'email_password', 'admin@ticketly.com', 4, '2025-11-18 07:10:41', 1),
(45, '::1', 'Mozilla/5.0 (Windows NT 10.0; Win64; x64) AppleWebKit/537.36 (KHTML, like Gecko) Chrome/142.0.0.0 Safari/537.36', 'email_password', 'admin@ticketly.com', 4, '2025-11-18 08:02:35', 1),
(46, '::1', 'Mozilla/5.0 (Windows NT 10.0; Win64; x64) AppleWebKit/537.36 (KHTML, like Gecko) Chrome/142.0.0.0 Safari/537.36', 'email_password', 'admin@ticketly.com', 4, '2025-11-18 22:27:13', 1),
(47, '::1', 'Mozilla/5.0 (Windows NT 10.0; Win64; x64) AppleWebKit/537.36 (KHTML, like Gecko) Chrome/142.0.0.0 Safari/537.36', 'email_password', 'anothersideoftama@gmail.com', 5, '2025-11-19 06:33:32', 1),
(48, '::1', 'Mozilla/5.0 (Windows NT 10.0; Win64; x64) AppleWebKit/537.36 (KHTML, like Gecko) Chrome/142.0.0.0 Safari/537.36', 'email_password', 'admin@ticketly.com', 4, '2025-11-19 08:43:46', 1),
(49, '::1', 'Mozilla/5.0 (Windows NT 10.0; Win64; x64) AppleWebKit/537.36 (KHTML, like Gecko) Chrome/142.0.0.0 Safari/537.36', 'email_password', 'admin@ticketly.com', 4, '2025-11-19 15:08:33', 1),
(50, '::1', 'Mozilla/5.0 (Windows NT 10.0; Win64; x64) AppleWebKit/537.36 (KHTML, like Gecko) Chrome/142.0.0.0 Safari/537.36', 'email_password', 'admin@ticketly.com', 4, '2025-11-19 15:09:19', 1),
(51, '::1', 'Mozilla/5.0 (Windows NT 10.0; Win64; x64) AppleWebKit/537.36 (KHTML, like Gecko) Chrome/142.0.0.0 Safari/537.36', 'email_password', 'anothersideoftama@gmail.com', 5, '2025-11-19 15:09:45', 1),
(52, '::1', 'Mozilla/5.0 (Windows NT 10.0; Win64; x64) AppleWebKit/537.36 (KHTML, like Gecko) Chrome/142.0.0.0 Safari/537.36', 'email_password', 'admin@ticketly.com', 4, '2025-11-19 15:13:37', 1),
(53, '::1', 'Mozilla/5.0 (Windows NT 10.0; Win64; x64) AppleWebKit/537.36 (KHTML, like Gecko) Chrome/142.0.0.0 Safari/537.36', 'email_password', 'admin@ticketly.com', 4, '2025-11-20 01:14:53', 1),
(54, '::1', 'Mozilla/5.0 (Windows NT 10.0; Win64; x64) AppleWebKit/537.36 (KHTML, like Gecko) Chrome/142.0.0.0 Safari/537.36', 'email_password', 'anothersideoftama@gmail.com', 5, '2025-11-20 03:40:46', 1),
(55, '::1', 'Mozilla/5.0 (Windows NT 10.0; Win64; x64) AppleWebKit/537.36 (KHTML, like Gecko) Chrome/142.0.0.0 Safari/537.36', 'email_password', 'admin@ticketly.com', 4, '2025-11-20 03:42:40', 1),
(56, '::1', 'Mozilla/5.0 (Windows NT 10.0; Win64; x64) AppleWebKit/537.36 (KHTML, like Gecko) Chrome/142.0.0.0 Safari/537.36', 'email_password', 'admin@ticketly.com', 4, '2025-11-20 06:32:24', 1),
(57, '::1', 'Mozilla/5.0 (Windows NT 10.0; Win64; x64) AppleWebKit/537.36 (KHTML, like Gecko) Chrome/142.0.0.0 Safari/537.36', 'email_password', 'admin@ticketly.com', 4, '2025-11-20 07:21:42', 1),
(58, '::1', 'Mozilla/5.0 (Windows NT 10.0; Win64; x64) AppleWebKit/537.36 (KHTML, like Gecko) Chrome/142.0.0.0 Safari/537.36', 'email_password', 'admin@ticketly.com', 4, '2025-11-22 10:41:46', 1),
(59, '::1', 'Mozilla/5.0 (Windows NT 10.0; Win64; x64) AppleWebKit/537.36 (KHTML, like Gecko) Chrome/142.0.0.0 Safari/537.36', 'email_password', 'dzakirahraihanah27@gmail.com', NULL, '2025-11-23 08:15:37', 0),
(60, '::1', 'Mozilla/5.0 (Windows NT 10.0; Win64; x64) AppleWebKit/537.36 (KHTML, like Gecko) Chrome/142.0.0.0 Safari/537.36', 'email_password', 'dzakirahraihanah27@gmail.com', 6, '2025-11-23 12:44:31', 1),
(61, '::1', 'Mozilla/5.0 (Windows NT 10.0; Win64; x64) AppleWebKit/537.36 (KHTML, like Gecko) Chrome/142.0.0.0 Safari/537.36', 'email_password', 'admin@ticketly.com', 4, '2025-11-24 05:49:19', 1),
(62, '::1', 'Mozilla/5.0 (Windows NT 10.0; Win64; x64) AppleWebKit/537.36 (KHTML, like Gecko) Chrome/142.0.0.0 Safari/537.36', 'email_password', 'dzakirahraihanah27@gmail.com', NULL, '2025-11-24 06:45:17', 0),
(63, '::1', 'Mozilla/5.0 (Windows NT 10.0; Win64; x64) AppleWebKit/537.36 (KHTML, like Gecko) Chrome/142.0.0.0 Safari/537.36', 'email_password', 'admin@ticketly.com', 4, '2025-11-24 06:54:40', 1),
(64, '::1', 'Mozilla/5.0 (Windows NT 10.0; Win64; x64) AppleWebKit/537.36 (KHTML, like Gecko) Chrome/142.0.0.0 Safari/537.36', 'email_password', 'dzakirahraihanah27@gmail.com', 7, '2025-11-24 13:08:16', 1),
(65, '::1', 'Mozilla/5.0 (Windows NT 10.0; Win64; x64) AppleWebKit/537.36 (KHTML, like Gecko) Chrome/142.0.0.0 Safari/537.36', 'email_password', 'dzakirahraihanah27@gmail.com', 7, '2025-11-25 00:39:44', 1),
(66, '::1', 'Mozilla/5.0 (Windows NT 10.0; Win64; x64) AppleWebKit/537.36 (KHTML, like Gecko) Chrome/142.0.0.0 Safari/537.36', 'email_password', 'admin@ticketly.com', 4, '2025-11-26 00:56:39', 1),
(67, '::1', 'Mozilla/5.0 (Windows NT 10.0; Win64; x64) AppleWebKit/537.36 (KHTML, like Gecko) Chrome/142.0.0.0 Safari/537.36', 'email_password', 'dzakirahraihanah27@gmail.com', 7, '2025-11-26 05:27:11', 1),
(68, '::1', 'Mozilla/5.0 (Windows NT 10.0; Win64; x64) AppleWebKit/537.36 (KHTML, like Gecko) Chrome/142.0.0.0 Safari/537.36', 'email_password', 'dzakirahraihanah27@gmail.com', 7, '2025-11-26 05:31:39', 1),
(69, '::1', 'Mozilla/5.0 (Windows NT 10.0; Win64; x64) AppleWebKit/537.36 (KHTML, like Gecko) Chrome/142.0.0.0 Safari/537.36', 'email_password', 'dzakirahraihanah27@gmail.com', 7, '2025-11-27 03:46:43', 1),
(70, '::1', 'Mozilla/5.0 (Windows NT 10.0; Win64; x64) AppleWebKit/537.36 (KHTML, like Gecko) Chrome/142.0.0.0 Safari/537.36', 'email_password', 'anothersideoftama@gmail.com', 5, '2025-11-27 08:27:45', 1),
(71, '::1', 'Mozilla/5.0 (Windows NT 10.0; Win64; x64) AppleWebKit/537.36 (KHTML, like Gecko) Chrome/142.0.0.0 Safari/537.36', 'email_password', 'anothersideoftama@gmail.com', 5, '2025-12-01 01:44:01', 1),
(72, '::1', 'Mozilla/5.0 (Windows NT 10.0; Win64; x64) AppleWebKit/537.36 (KHTML, like Gecko) Chrome/142.0.0.0 Safari/537.36', 'email_password', 'admin@ticketly.com', 4, '2025-12-01 04:55:15', 1),
(73, '::1', 'Mozilla/5.0 (Windows NT 10.0; Win64; x64) AppleWebKit/537.36 (KHTML, like Gecko) Chrome/142.0.0.0 Safari/537.36', 'email_password', 'anothersideoftama@gmail.com', 5, '2025-12-01 05:11:17', 1),
(74, '::1', 'Mozilla/5.0 (Windows NT 10.0; Win64; x64) AppleWebKit/537.36 (KHTML, like Gecko) Chrome/142.0.0.0 Safari/537.36', 'email_password', 'admin@ticketly.com', 4, '2025-12-01 06:44:09', 1),
(75, '::1', 'Mozilla/5.0 (Windows NT 10.0; Win64; x64) AppleWebKit/537.36 (KHTML, like Gecko) Chrome/142.0.0.0 Safari/537.36', 'email_password', 'admin@ticketly.com', 4, '2025-12-02 12:50:10', 1),
(76, '::1', 'Mozilla/5.0 (Windows NT 10.0; Win64; x64) AppleWebKit/537.36 (KHTML, like Gecko) Chrome/142.0.0.0 Safari/537.36', 'magic-link', '8ac7509695dce61c6c4d', 5, '2025-12-02 21:49:40', 1),
(77, '::1', 'Mozilla/5.0 (Windows NT 10.0; Win64; x64) AppleWebKit/537.36 (KHTML, like Gecko) Chrome/142.0.0.0 Safari/537.36', 'email_password', 'admin@ticketly.com', 4, '2025-12-03 02:41:03', 1),
(78, '::1', 'Mozilla/5.0 (Windows NT 10.0; Win64; x64) AppleWebKit/537.36 (KHTML, like Gecko) Chrome/142.0.0.0 Safari/537.36', 'email_password', 'admin@ticketly.com', 4, '2025-12-03 10:14:53', 1),
(79, '::1', 'Mozilla/5.0 (Windows NT 10.0; Win64; x64) AppleWebKit/537.36 (KHTML, like Gecko) Chrome/142.0.0.0 Safari/537.36', 'email_password', 'admin@ticketly.com', NULL, '2025-12-03 14:13:26', 0),
(80, '::1', 'Mozilla/5.0 (Windows NT 10.0; Win64; x64) AppleWebKit/537.36 (KHTML, like Gecko) Chrome/142.0.0.0 Safari/537.36', 'email_password', 'admin@ticketly.com', NULL, '2025-12-03 14:14:14', 0),
(81, '::1', 'Mozilla/5.0 (Windows NT 10.0; Win64; x64) AppleWebKit/537.36 (KHTML, like Gecko) Chrome/142.0.0.0 Safari/537.36', 'email_password', 'admin@ticketly.com', NULL, '2025-12-03 14:14:37', 0),
(82, '::1', 'Mozilla/5.0 (Windows NT 10.0; Win64; x64) AppleWebKit/537.36 (KHTML, like Gecko) Chrome/142.0.0.0 Safari/537.36', 'email_password', 'admin@ticketly.com', 4, '2025-12-03 14:14:48', 1),
(83, '::1', 'Mozilla/5.0 (Windows NT 10.0; Win64; x64) AppleWebKit/537.36 (KHTML, like Gecko) Chrome/142.0.0.0 Safari/537.36', 'email_password', 'admin@ticketly.com', 4, '2025-12-03 16:03:03', 1),
(84, '::1', 'Mozilla/5.0 (Windows NT 10.0; Win64; x64) AppleWebKit/537.36 (KHTML, like Gecko) Chrome/142.0.0.0 Safari/537.36', 'email_password', 'admin@ticketly.com', 4, '2025-12-04 01:04:02', 1),
(85, '::1', 'Mozilla/5.0 (Windows NT 10.0; Win64; x64) AppleWebKit/537.36 (KHTML, like Gecko) Chrome/142.0.0.0 Safari/537.36', 'email_password', 'admin@ticketly.com', 4, '2025-12-04 04:26:34', 1),
(86, '::1', 'Mozilla/5.0 (Windows NT 10.0; Win64; x64) AppleWebKit/537.36 (KHTML, like Gecko) Chrome/142.0.0.0 Safari/537.36', 'email_password', 'anothersideoftama@gmail.com', 5, '2025-12-04 04:41:49', 1),
(87, '::1', 'Mozilla/5.0 (Windows NT 10.0; Win64; x64) AppleWebKit/537.36 (KHTML, like Gecko) Chrome/142.0.0.0 Safari/537.36', 'email_password', 'anothersideoftama@gmail.com', 5, '2025-12-04 07:14:28', 1),
(88, '::1', 'Mozilla/5.0 (Windows NT 10.0; Win64; x64) AppleWebKit/537.36 (KHTML, like Gecko) Chrome/142.0.0.0 Safari/537.36', 'email_password', 'anothersideoftama@gmail.com', 5, '2025-12-04 07:18:40', 1),
(89, '::1', 'Mozilla/5.0 (Windows NT 10.0; Win64; x64) AppleWebKit/537.36 (KHTML, like Gecko) Chrome/142.0.0.0 Safari/537.36', 'email_password', 'admin@ticketly.com', 4, '2025-12-04 07:18:54', 1),
(90, '::1', 'Mozilla/5.0 (Windows NT 10.0; Win64; x64) AppleWebKit/537.36 (KHTML, like Gecko) Chrome/142.0.0.0 Safari/537.36', 'email_password', 'admin@ticketly.com', 4, '2025-12-04 13:27:00', 1),
(91, '::1', 'Mozilla/5.0 (Windows NT 10.0; Win64; x64) AppleWebKit/537.36 (KHTML, like Gecko) Chrome/142.0.0.0 Safari/537.36', 'email_password', 'anothersideoftama@gmail.com', NULL, '2025-12-05 13:53:18', 0),
(92, '::1', 'Mozilla/5.0 (Windows NT 10.0; Win64; x64) AppleWebKit/537.36 (KHTML, like Gecko) Chrome/142.0.0.0 Safari/537.36', 'email_password', 'anothersideoftama@gmail.com', NULL, '2025-12-05 13:53:34', 0),
(93, '::1', 'Mozilla/5.0 (Windows NT 10.0; Win64; x64) AppleWebKit/537.36 (KHTML, like Gecko) Chrome/142.0.0.0 Safari/537.36', 'magic-link', '14d66877169bba4d8ac1', 5, '2025-12-05 13:54:20', 1),
(94, '::1', 'Mozilla/5.0 (Windows NT 10.0; Win64; x64) AppleWebKit/537.36 (KHTML, like Gecko) Chrome/142.0.0.0 Safari/537.36', 'email_password', 'anothersideoftama@gmail.com', NULL, '2025-12-06 13:09:43', 0),
(95, '::1', 'Mozilla/5.0 (Windows NT 10.0; Win64; x64) AppleWebKit/537.36 (KHTML, like Gecko) Chrome/142.0.0.0 Safari/537.36', 'email_password', 'anothersideoftama@gmail.com', NULL, '2025-12-06 13:10:08', 0),
(96, '::1', 'Mozilla/5.0 (Windows NT 10.0; Win64; x64) AppleWebKit/537.36 (KHTML, like Gecko) Chrome/142.0.0.0 Safari/537.36', 'email_password', 'anothersideoftama@gmail.com', NULL, '2025-12-06 13:10:13', 0),
(97, '::1', 'Mozilla/5.0 (Windows NT 10.0; Win64; x64) AppleWebKit/537.36 (KHTML, like Gecko) Chrome/142.0.0.0 Safari/537.36', 'email_password', 'anothersideoftama@gmail.com', NULL, '2025-12-06 13:10:29', 0),
(98, '::1', 'Mozilla/5.0 (Windows NT 10.0; Win64; x64) AppleWebKit/537.36 (KHTML, like Gecko) Chrome/142.0.0.0 Safari/537.36', 'email_password', 'pratamaputra6854@gmail.com', 11, '2025-12-06 13:10:48', 1),
(99, '::1', 'Mozilla/5.0 (Windows NT 10.0; Win64; x64) AppleWebKit/537.36 (KHTML, like Gecko) Chrome/142.0.0.0 Safari/537.36', 'email_password', 'admin@ticketly.com', 4, '2025-12-06 13:11:32', 1),
(100, '127.0.0.1', 'Mozilla/5.0 (X11; Linux x86_64) AppleWebKit/537.36 (KHTML, like Gecko) Chrome/141.0.0.0 Safari/537.36', 'email_password', 'admin@ticketly.com', 4, '2025-12-07 12:06:53', 1),
(101, '::1', 'Mozilla/5.0 (Windows NT 10.0; Win64; x64) AppleWebKit/537.36 (KHTML, like Gecko) Chrome/142.0.0.0 Safari/537.36', 'email_password', 'admin@ticketly.com', 4, '2025-12-08 00:27:50', 1),
(102, '127.0.0.1', 'Mozilla/5.0 (X11; Linux x86_64) AppleWebKit/537.36 (KHTML, like Gecko) Chrome/143.0.0.0 Safari/537.36', 'email_password', 'admin@ticketly.com', 4, '2025-12-10 18:28:52', 1),
(103, '127.0.0.1', 'Mozilla/5.0 (X11; Linux x86_64) AppleWebKit/537.36 (KHTML, like Gecko) Chrome/143.0.0.0 Safari/537.36', 'email_password', 'admin@ticketly.com', 4, '2025-12-11 04:30:51', 1),
(104, '127.0.0.1', 'Mozilla/5.0 (X11; Linux x86_64) AppleWebKit/537.36 (KHTML, like Gecko) Chrome/143.0.0.0 Safari/537.36', 'email_password', 'anothersideoftama@gmail.com', NULL, '2025-12-11 12:05:56', 0),
(105, '127.0.0.1', 'Mozilla/5.0 (X11; Linux x86_64) AppleWebKit/537.36 (KHTML, like Gecko) Chrome/143.0.0.0 Safari/537.36', 'email_password', 'anothersideoftama@gmail.com', NULL, '2025-12-11 12:06:06', 0),
(106, '127.0.0.1', 'Mozilla/5.0 (X11; Linux x86_64) AppleWebKit/537.36 (KHTML, like Gecko) Chrome/143.0.0.0 Safari/537.36', 'email_password', 'pratamaputra6854@gmail.com', 11, '2025-12-11 12:06:09', 1),
(107, '127.0.0.1', 'Mozilla/5.0 (X11; Linux x86_64) AppleWebKit/537.36 (KHTML, like Gecko) Chrome/143.0.0.0 Safari/537.36', 'email_password', 'admin@ticketly.com', 4, '2025-12-11 12:06:49', 1),
(108, '127.0.0.1', 'Mozilla/5.0 (X11; Linux x86_64) AppleWebKit/537.36 (KHTML, like Gecko) Chrome/143.0.0.0 Safari/537.36', 'email_password', 'pratamaputra6854@gmail.com', 11, '2025-12-11 13:33:21', 1),
(109, '127.0.0.1', 'Mozilla/5.0 (X11; Linux x86_64) AppleWebKit/537.36 (KHTML, like Gecko) Chrome/143.0.0.0 Safari/537.36', 'email_password', 'admin@ticketly.com', 4, '2025-12-11 13:44:18', 1),
(110, '127.0.0.1', 'Mozilla/5.0 (X11; Linux x86_64) AppleWebKit/537.36 (KHTML, like Gecko) Chrome/143.0.0.0 Safari/537.36', 'email_password', 'pratamaputra6854@gmail.com', 11, '2025-12-11 14:06:45', 1),
(111, '127.0.0.1', 'Mozilla/5.0 (X11; Linux x86_64) AppleWebKit/537.36 (KHTML, like Gecko) Chrome/143.0.0.0 Safari/537.36', 'email_password', 'admin@ticketly.com', 4, '2025-12-11 14:08:03', 1),
(112, '127.0.0.1', 'Mozilla/5.0 (X11; Linux x86_64) AppleWebKit/537.36 (KHTML, like Gecko) Chrome/143.0.0.0 Safari/537.36', 'email_password', 'pratamaputra6854@gmail.com', 11, '2025-12-11 15:17:29', 1),
(113, '127.0.0.1', 'Mozilla/5.0 (X11; Linux x86_64) AppleWebKit/537.36 (KHTML, like Gecko) Chrome/143.0.0.0 Safari/537.36', 'email_password', 'admin@ticketly.com', 4, '2025-12-11 15:25:38', 1),
(114, '127.0.0.1', 'Mozilla/5.0 (X11; Linux x86_64) AppleWebKit/537.36 (KHTML, like Gecko) Chrome/143.0.0.0 Safari/537.36', 'email_password', 'admin@ticketly.com', 4, '2025-12-16 19:12:44', 1),
(115, '127.0.0.1', 'Mozilla/5.0 (X11; Linux x86_64) AppleWebKit/537.36 (KHTML, like Gecko) Chrome/143.0.0.0 Safari/537.36', 'email_password', 'pratamaputra6854@gmail.com', 11, '2025-12-16 19:15:48', 1),
(116, '127.0.0.1', 'Mozilla/5.0 (X11; Linux x86_64) AppleWebKit/537.36 (KHTML, like Gecko) Chrome/143.0.0.0 Safari/537.36', 'email_password', 'admin@ticketly.com', 4, '2025-12-16 19:17:16', 1),
(117, '127.0.0.1', 'Mozilla/5.0 (X11; Linux x86_64) AppleWebKit/537.36 (KHTML, like Gecko) Chrome/143.0.0.0 Safari/537.36', 'email_password', 'admin@ticketly.com', 4, '2025-12-24 05:37:20', 1),
(118, '127.0.0.1', 'Mozilla/5.0 (X11; Linux x86_64) AppleWebKit/537.36 (KHTML, like Gecko) Chrome/143.0.0.0 Safari/537.36', 'email_password', 'pratamaputra6854@gmail.com', 11, '2025-12-24 09:13:32', 1),
(119, '127.0.0.1', 'Mozilla/5.0 (X11; Linux x86_64) AppleWebKit/537.36 (KHTML, like Gecko) Chrome/143.0.0.0 Safari/537.36', 'email_password', 'admin@ticketly.com', 4, '2025-12-24 10:02:47', 1),
(120, '127.0.0.1', 'Mozilla/5.0 (X11; Linux x86_64) AppleWebKit/537.36 (KHTML, like Gecko) Chrome/143.0.0.0 Safari/537.36', 'email_password', 'admin@ticketly.com', 4, '2025-12-24 16:15:02', 1),
(121, '127.0.0.1', 'Mozilla/5.0 (X11; Linux x86_64) AppleWebKit/537.36 (KHTML, like Gecko) Chrome/143.0.0.0 Safari/537.36', 'email_password', 'admin@ticketly.com', 4, '2025-12-24 21:50:34', 1),
(122, '127.0.0.1', 'Mozilla/5.0 (X11; Linux x86_64) AppleWebKit/537.36 (KHTML, like Gecko) Chrome/143.0.0.0 Safari/537.36', 'email_password', 'pratamaputra6854@gmail.com', 11, '2025-12-24 21:51:52', 1),
(123, '127.0.0.1', 'Mozilla/5.0 (X11; Linux x86_64) AppleWebKit/537.36 (KHTML, like Gecko) Chrome/143.0.0.0 Safari/537.36', 'email_password', 'admin@ticketly.com', 4, '2025-12-24 21:55:40', 1);

-- --------------------------------------------------------

--
-- Struktur dari tabel `auth_permissions_users`
--

CREATE TABLE `auth_permissions_users` (
  `id` int UNSIGNED NOT NULL,
  `user_id` int UNSIGNED NOT NULL,
  `permission` varchar(255) CHARACTER SET utf8mb4 COLLATE utf8mb4_general_ci NOT NULL,
  `created_at` datetime NOT NULL
) ENGINE=InnoDB DEFAULT CHARSET=utf8mb4 COLLATE=utf8mb4_general_ci;

-- --------------------------------------------------------

--
-- Struktur dari tabel `auth_remember_tokens`
--

CREATE TABLE `auth_remember_tokens` (
  `id` int UNSIGNED NOT NULL,
  `selector` varchar(255) CHARACTER SET utf8mb4 COLLATE utf8mb4_general_ci NOT NULL,
  `hashedValidator` varchar(255) CHARACTER SET utf8mb4 COLLATE utf8mb4_general_ci NOT NULL,
  `user_id` int UNSIGNED NOT NULL,
  `expires` datetime NOT NULL,
  `created_at` datetime NOT NULL,
  `updated_at` datetime NOT NULL
) ENGINE=InnoDB DEFAULT CHARSET=utf8mb4 COLLATE=utf8mb4_general_ci;

-- --------------------------------------------------------

--
-- Struktur dari tabel `auth_token_logins`
--

CREATE TABLE `auth_token_logins` (
  `id` int UNSIGNED NOT NULL,
  `ip_address` varchar(255) CHARACTER SET utf8mb4 COLLATE utf8mb4_general_ci NOT NULL,
  `user_agent` varchar(255) CHARACTER SET utf8mb4 COLLATE utf8mb4_general_ci DEFAULT NULL,
  `id_type` varchar(255) CHARACTER SET utf8mb4 COLLATE utf8mb4_general_ci NOT NULL,
  `identifier` varchar(255) CHARACTER SET utf8mb4 COLLATE utf8mb4_general_ci NOT NULL,
  `user_id` int UNSIGNED DEFAULT NULL,
  `date` datetime NOT NULL,
  `success` tinyint(1) NOT NULL
) ENGINE=InnoDB DEFAULT CHARSET=utf8mb4 COLLATE=utf8mb4_general_ci;

--
-- Dumping data untuk tabel `auth_token_logins`
--

INSERT INTO `auth_token_logins` (`id`, `ip_address`, `user_agent`, `id_type`, `identifier`, `user_id`, `date`, `success`) VALUES
(1, '::1', 'Mozilla/5.0 (Windows NT 10.0; Win64; x64) AppleWebKit/537.36 (KHTML, like Gecko) Chrome/142.0.0.0 Safari/537.36', 'access_token', '', NULL, '2025-12-01 04:22:50', 0),
(2, '::1', 'Mozilla/5.0 (Windows NT 10.0; Win64; x64) AppleWebKit/537.36 (KHTML, like Gecko) Chrome/142.0.0.0 Safari/537.36', 'hmac_sha256', '', NULL, '2025-12-01 04:22:51', 0),
(3, '::1', 'Mozilla/5.0 (Windows NT 10.0; Win64; x64) AppleWebKit/537.36 (KHTML, like Gecko) Chrome/142.0.0.0 Safari/537.36', 'hmac_sha256', '', NULL, '2025-12-01 04:22:51', 0),
(4, '::1', 'Mozilla/5.0 (Windows NT 10.0; Win64; x64) AppleWebKit/537.36 (KHTML, like Gecko) Chrome/142.0.0.0 Safari/537.36', 'hmac_sha256', '', NULL, '2025-12-01 04:22:51', 0),
(5, '127.0.0.1', 'Mozilla/5.0 (X11; Linux x86_64) AppleWebKit/537.36 (KHTML, like Gecko) Chrome/143.0.0.0 Safari/537.36', 'access_token', '', NULL, '2025-12-16 19:17:11', 0),
(6, '127.0.0.1', 'Mozilla/5.0 (X11; Linux x86_64) AppleWebKit/537.36 (KHTML, like Gecko) Chrome/143.0.0.0 Safari/537.36', 'hmac_sha256', '', NULL, '2025-12-16 19:17:11', 0),
(7, '127.0.0.1', 'Mozilla/5.0 (X11; Linux x86_64) AppleWebKit/537.36 (KHTML, like Gecko) Chrome/143.0.0.0 Safari/537.36', 'hmac_sha256', '', NULL, '2025-12-16 19:17:11', 0),
(8, '127.0.0.1', 'Mozilla/5.0 (X11; Linux x86_64) AppleWebKit/537.36 (KHTML, like Gecko) Chrome/143.0.0.0 Safari/537.36', 'hmac_sha256', '', NULL, '2025-12-16 19:17:11', 0);

-- --------------------------------------------------------

--
-- Struktur dari tabel `events`
--

CREATE TABLE `events` (
  `id` int UNSIGNED NOT NULL,
  `name` varchar(255) CHARACTER SET utf8mb4 COLLATE utf8mb4_general_ci NOT NULL,
  `slug` varchar(255) CHARACTER SET utf8mb4 COLLATE utf8mb4_general_ci NOT NULL,
  `description` text CHARACTER SET utf8mb4 COLLATE utf8mb4_general_ci,
  `category` enum('concert','festival','event') CHARACTER SET utf8mb4 COLLATE utf8mb4_general_ci DEFAULT 'event',
  `is_featured` tinyint(1) DEFAULT '0',
  `sort_order` int DEFAULT '0',
  `status` enum('draft','published') CHARACTER SET utf8mb4 COLLATE utf8mb4_general_ci DEFAULT 'published',
  `venue` varchar(255) CHARACTER SET utf8mb4 COLLATE utf8mb4_general_ci DEFAULT NULL,
  `event_date` datetime NOT NULL,
  `event_end_date` datetime DEFAULT NULL,
  `poster_image` varchar(255) CHARACTER SET utf8mb4 COLLATE utf8mb4_general_ci DEFAULT NULL,
  `created_at` datetime DEFAULT NULL,
  `updated_at` datetime DEFAULT NULL,
  `seatmap_image` varchar(255) CHARACTER SET utf8mb4 COLLATE utf8mb4_general_ci DEFAULT NULL
) ENGINE=InnoDB DEFAULT CHARSET=utf8mb4 COLLATE=utf8mb4_general_ci;

--
-- Dumping data untuk tabel `events`
--

INSERT INTO `events` (`id`, `name`, `slug`, `description`, `category`, `is_featured`, `sort_order`, `status`, `venue`, `event_date`, `event_end_date`, `poster_image`, `created_at`, `updated_at`, `seatmap_image`) VALUES
(1, 'NCT DREAM: THE DREAM SHOW 4 WORLD TOUR', 'nct-dream-the-dream-show-4-world-tour', '<h2 class=\"text-xl font-bold mb-2\">KETENTUAN UMUM</h2>\r\n<ul>\r\n<li>Tiket hanya berlaku apabila pembelian dilakukan sesuai dengan tata cara yang telah ditentukan oleh penyedia layanan transaksi elektronik/online&nbsp;sebagaimana tertera pada website resmi Penyelenggara atau tempat penjualan tiket resmi yang telah ditentukan oleh Penyelenggara. Jika tidak, Pembeli tidak akan dapat melakukan verifikasi apakah e-voucher yang dimiliki Pembeli adalah tiket yang sah atau tidak.</li>\r\n<li>E-voucher bersifat rahasia dan bukan untuk dibagikan. Pembeli paham dan mengerti apabila dibagikan akan memiliki resiko e-voucher bisa berpindah tangan</li>\r\n<li>Pihak Promotor dan ticketing partner resmi yang ditunjuk menjamin hanya akan mengeluarkan e-voucher kepada Pembeli yang sah</li>\r\n<li>Perpindahan kepemilikan dan atau pemalsuan e-voucher/tiket/gelang berada di luar kendali dan bukan menjadi tanggung jawab Promotor</li>\r\n<li>Semua pemilik tiket 2025 NCT DREAM TOUR in JAKARTA akan mendapatkan nomor kursi</li>\r\n<li>Mohon diperhatikan bahwa CAT 3 dan CAT 4 berada di lantai paling atas</li>\r\n<li>Nomor kursi akan diberikan kepada Pembeli secara otomatis berdasarkan waktu pembelian dan nomor urut yang tersedia</li>\r\n<li>Nomor kursi akan diperbarui pada e-voucher dan dapat dilihat dengan melakukan refresh pada e-voucher, selambat-lambatnya 5 (lima) hari sebelum hari konser</li>\r\n<li>Setiap e-voucher menggunakan kode unik (barcode) tersendiri dan berlaku hanya untuk satu orang, e-voucher yang sudah digunakan tidak dapat digunakan kembali. Penggandaan e-voucher tidak dapat digunakan untuk masuk ke dalam event berulang kali</li>\r\n<li>Dengan membeli tiket, maka Pembeli telah menyetujui pengumpulan, penyimpanan dan penggunaan data pribadi yang ada untuk keperluan acara 2025 NCT DREAM TOUR in JAKARTA</li>\r\n<li>Tiket atau e-voucher yang sudah dibeli tidak untuk diperjualbelikan kembali dengan harga yang lebih tinggi dari harga resmi yang telah ditentukan oleh Penyelenggara. Jika terdapat indikasi pelanggaran, maka Penyelenggara berhak untuk melakukan upaya hukum dan/atau membatalkan tiket tersebut</li>\r\n<li>Penyelenggara memiliki hak untuk mengubah ataupun menambahkan syarat lain pada Syarat &amp; Ketentuan tanpa adanya pemberitahuan terlebih dahulu</li>\r\n</ul>\r\n<p><strong>&copy; 2025 SM Entertainment and Dyandra Global Edutaiment. All Rights Reserved.</strong></p>', 'concert', 1, 1, 'published', 'Jakarta International Stadium', '2025-09-27 19:00:00', '2025-09-28 23:00:00', 'uploads/banners/tds-4.jpg', '2025-11-18 06:58:53', '2025-12-11 13:51:43', 'uploads/seatmaps/nct-seatmap.png'),
(2, 'RIIZE: RIIZING LOUD in Jakarta', 'riize-riizing-loud-in-jakarta', '<h3 class=\"text-xl font-bold mb-2\">KETERANGAN RIIZE</h3>\r\n<p class=\"mb-4\">BRIIZE, ayo bertemu RIIZE!</p>', 'concert', 1, 0, 'published', 'ICE BSD Hall 5-6', '2026-01-10 15:00:00', '2026-01-10 23:00:00', 'uploads/banners/riizing-loud.png', '2025-11-18 06:58:53', '2025-12-06 13:50:55', 'uploads/seatmaps/riize-seatmap.png'),
(8, 'P-LAND Season of Wishes - Bank RAYA User', 'p-land-season-of-wishes-bank-raya-user', '<p>P-LAND: K-Pop Art Market adalah sebuah acara yang bertujuan untuk menunjukkan karya-karya fanartist &amp; creators lokal maupun mancanegara kepada komunitas K-Pop. Selain art market, P-LAND juga dilengkapi dengan beragam aktivitas menarik seperti Experience Booth, Instalasi Seni, Community Stage, dan berbagai projek kolaborasi.</p>\r\n<h3><strong>Syarat dan Ketentuan:</strong></h3>\r\n<ul>\r\n<li>1 tiket hanya berlaku untuk 1 orang, sesuai dengan kategori, benefit, tanggal, dan jam masuk yang tercetak di e-tiket</li>\r\n<li>Untuk memasukki venue acara pengunjung wajib menunjukkan wristband</li>\r\n<li>Pengunjung dapat melakukan re-entry selama menggunakan wristband</li>\r\n<li>Tidak ada pengembalian dana/refund dengan alasan apapun</li>\r\n<li>Penyelenggara memiliki hak untuk mengubah ataupun menambahkan syarat lain pada Syarat dan Ketentuan yang tertera pada e-tiket</li>\r\n</ul>', 'festival', 1, 0, 'published', 'Blok M Hub, Jakarta Selatan', '2025-12-06 10:00:00', NULL, 'uploads/banners/1763607162_781a1970bf4885e07b21.jpg', '2025-11-20 02:52:42', '2025-11-22 03:33:37', NULL),
(9, 'ADGI Design Week 2025', 'adgi-design-week-2025', '<p><strong>Selamat datang di ADGI Design Week 2025!</strong><br>Bergabunglah dengan kami dalam perayaan kreativitas, inovasi, dan desain yang tak tertandingi di ADGI Design Week&mdash;acara desain grafis terkemuka di Indonesia!</p>\r\n<p>Berlangsung selama lima hari, ADGI Design Week 2025: GRAFIS&rsquo;25 mempertemukan para pemimpin industri, talenta-talenta baru, dan para penggemar desain dari seluruh dunia untuk menunjukkan kekuatan transformatif desain grafis.</p>\r\n<p>Tema tahun ini, \"Poliformat,\" menyoroti bagaimana desain grafis melalui bentuknya yang terus berkembang telah lama membentuk budaya manusia. Hadir dalam kehidupan sehari-hari di berbagai media, desain melampaui bahasa, menyatukan beragam perspektif, dan menciptakan gerakan yang dapat mengubah masa depan. Sebagai sebuah industri, desain berfungsi sebagai wadah peleburan kreativitas multidisiplin, melintasi batas, mendorong batasan, dan terus memperluas kemungkinan.</p>\r\n<p>ADGI Design Week juga merupakan perayaan yang meriah bagi talenta-talenta desain terbaik Indonesia memamerkan kreativitas, menetapkan tolok ukur keunggulan baru, dan memposisikan Indonesia sebagai pusat desain regional yang sedang berkembang. Selain mengapresiasi karya-karya luar biasa, festival ini juga memperjuangkan pendidikan, pengarsipan, dan penerbitan, serta menggarisbawahi kekuatan desain grafis sebagai pendorong inovasi lintas industri dan kekuatan diplomasi budaya.</p>\r\n<p>Melalui pameran, penghargaan, bincang-bincang desain, dan program publiknya, ADGI Design Week 2025 mengajak dunia untuk merasakan energi dan dampak gerakan desain Indonesia.</p>\r\n<p>Agenda</p>\r\n<ul>\r\n<li>20 November 2025: Pameran, bincang-bincang Desain, Bakat Desain, Pasar Desain, Prasmanan Desain</li>\r\n<li>21 November 2025: Pameran, bincang-bincang Desain, Bakat Desain, Pasar Desain, Prasmanan Desain</li>\r\n<li>22 November 2025: Pameran, bincang-bincang Desain, Bakat Desain, Pasar Desain, Lokakarya Jenis Klub Desain</li>\r\n<li>23 November 2025: Pameran, bincang-bincang Desain, Pasar Desain, Bakat Desain</li>\r\n</ul>\r\n<p>Baik Anda datang untuk terhubung, belajar, atau mendapatkan inspirasi, bergabunglah dengan kami dalam merayakan kekuatan desain yang tak terbatas untuk membentuk budaya, menggerakkan industri, dan menginspirasi perubahan.</p>', 'festival', 1, 0, 'published', 'Taman Ismail Marzuki, Jakarta Pusat', '2025-11-23 09:00:00', '2025-12-08 19:45:00', 'uploads/banners/1763607488_5e697a1b3f19e30498a4.jpg', '2025-11-20 02:58:08', '2025-12-07 12:45:57', NULL);

-- --------------------------------------------------------

--
-- Struktur dari tabel `migrations`
--

CREATE TABLE `migrations` (
  `id` bigint UNSIGNED NOT NULL,
  `version` varchar(255) CHARACTER SET utf8mb4 COLLATE utf8mb4_general_ci NOT NULL,
  `class` varchar(255) CHARACTER SET utf8mb4 COLLATE utf8mb4_general_ci NOT NULL,
  `group` varchar(255) CHARACTER SET utf8mb4 COLLATE utf8mb4_general_ci NOT NULL,
  `namespace` varchar(255) CHARACTER SET utf8mb4 COLLATE utf8mb4_general_ci NOT NULL,
  `time` int NOT NULL,
  `batch` int UNSIGNED NOT NULL
) ENGINE=InnoDB DEFAULT CHARSET=utf8mb4 COLLATE=utf8mb4_general_ci;

--
-- Dumping data untuk tabel `migrations`
--

INSERT INTO `migrations` (`id`, `version`, `class`, `group`, `namespace`, `time`, `batch`) VALUES
(1, '2025-11-15-134310', 'App\\Database\\Migrations\\CreateEventsTable', 'default', 'App', 1763244329, 1),
(2, '2025-11-15-140753', 'App\\Database\\Migrations\\CreateTicketTypesTable', 'default', 'App', 1763244329, 1),
(3, '2025-11-15-215520', 'App\\Database\\Migrations\\CreateOrdersTable', 'default', 'App', 1763244329, 1),
(4, '2025-11-15-215601', 'App\\Database\\Migrations\\CreateOrderItemsTable', 'default', 'App', 1763244329, 1),
(5, '2025-12-07-140716', 'App\\Database\\Migrations\\CreateSeatsTable', 'default', 'App', 1765116560, 2),
(6, '2025-12-07-140749', 'App\\Database\\Migrations\\AddSeatIdToOrderItems', 'default', 'App', 1765116560, 2);

-- --------------------------------------------------------

--
-- Struktur dari tabel `orders`
--

CREATE TABLE `orders` (
  `id` int UNSIGNED NOT NULL,
  `trx_id` varchar(50) CHARACTER SET utf8mb4 COLLATE utf8mb4_general_ci NOT NULL,
  `user_id` int UNSIGNED DEFAULT NULL,
  `first_name` varchar(100) CHARACTER SET utf8mb4 COLLATE utf8mb4_general_ci NOT NULL,
  `last_name` varchar(100) CHARACTER SET utf8mb4 COLLATE utf8mb4_general_ci DEFAULT NULL,
  `email` varchar(255) CHARACTER SET utf8mb4 COLLATE utf8mb4_general_ci NOT NULL,
  `phone_number` varchar(50) CHARACTER SET utf8mb4 COLLATE utf8mb4_general_ci NOT NULL,
  `identity_number` varchar(100) CHARACTER SET utf8mb4 COLLATE utf8mb4_general_ci NOT NULL,
  `birth_date` date DEFAULT NULL,
  `payment_method` varchar(50) CHARACTER SET utf8mb4 COLLATE utf8mb4_general_ci DEFAULT NULL,
  `order_total` decimal(10,2) NOT NULL,
  `status` varchar(50) CHARACTER SET utf8mb4 COLLATE utf8mb4_general_ci NOT NULL DEFAULT 'pending',
  `created_at` datetime DEFAULT NULL,
  `updated_at` datetime DEFAULT NULL
) ENGINE=InnoDB DEFAULT CHARSET=utf8mb4 COLLATE=utf8mb4_general_ci;

--
-- Dumping data untuk tabel `orders`
--

INSERT INTO `orders` (`id`, `trx_id`, `user_id`, `first_name`, `last_name`, `email`, `phone_number`, `identity_number`, `birth_date`, `payment_method`, `order_total`, `status`, `created_at`, `updated_at`) VALUES
(54, 'TRX-20251210-094491A6', 4, 'Pratama', 'Putra', 'pratama12dhweu@mail.com', '085158869244', '330202420008', '2008-11-30', 'bri', 6842500.00, 'completed', '2025-12-10 21:31:12', '2025-12-10 21:31:17'),
(55, 'TRX-20251210-87B9DF00', 4, 'Pratama', 'Putra', 'pratamaputra6789@outlook.com', '085158869244', '330202420008', '2008-12-01', 'bri', 11812500.00, 'completed', '2025-12-10 21:36:10', '2025-12-11 05:38:35'),
(56, 'TRX-20251211-C8C941DF', NULL, 'Pratama', 'Putra', 'theperfectpratama.stu@pnc.ac.id', '085158869244', '330202420008', '2008-11-30', 'bri', 2047500.00, 'completed', '2025-12-11 04:24:22', '2025-12-11 04:24:28'),
(57, 'TRX-20251211-4B582CA0', 11, 'Pratama', 'Putra', 'anothersideoftama@gmail.com', '085158869244', '330202420008', '2008-01-21', 'ovo', 11537500.00, 'completed', '2025-12-11 13:34:40', '2025-12-24 16:53:37'),
(58, 'TRX-20251211-AE6533A1', 11, 'Pratama', 'Putra', 'anothersideoftama@gmail.com', '085158869244', '330202420008', '2008-09-14', 'bca', 3202500.00, 'completed', '2025-12-11 14:07:31', '2025-12-11 14:07:38'),
(59, 'TRX-20251211-CDD121EA', 4, 'Pratama', 'Putra', 'anothersideoftama@gmail.com', '085158869244', '330202420008', '2008-08-19', 'mandiri_bill', 3147500.00, 'completed', '2025-12-11 14:18:08', '2025-12-11 14:18:12'),
(60, 'TRX-20251211-2AE7F47C', 4, 'Pratama', 'Putra', 'pratamaputra6854@gmail.com', '085158869244', '330202420008', '2008-06-24', 'shopeepay', 12912500.00, 'completed', '2025-12-11 14:20:33', '2025-12-11 14:20:36'),
(61, 'TRX-20251211-806C1804', 11, 'Pratama', 'Putra', 'anothersideoftama@gmail.com', '085158869244', '330202420008', '2008-10-06', 'bni', 10042500.00, 'completed', '2025-12-11 15:21:42', '2025-12-11 15:21:47'),
(62, 'TRX-20251211-0232144F', 11, 'Pratama', 'Putra', 'pratamaputra6854@gmail.com', '085158869244', '330202420008', '2008-11-30', 'bri', 11262500.00, 'completed', '2025-12-11 15:24:05', '2025-12-11 15:24:09'),
(63, 'TRX-20251224-6A290233', 4, 'Pratama', 'Putra', 'theperfectpratama.stu@pnc.ac.id', '085158869244', '330202420008', '2008-11-30', 'allobank', 2066000.00, 'completed', '2025-12-24 10:11:00', '2025-12-24 10:11:12'),
(64, 'TRX-20251224-F17DB532', 4, 'Pratama', 'Putra', 'theperfectpratama.stu@pnc.ac.id', '085158869244', '330202420008', '2008-07-28', 'dana', 1566500.00, 'completed', '2025-12-24 16:23:14', '2025-12-24 16:24:20'),
(65, 'TRX-20251224-46B80B1A', 4, 'Pratama', 'Putra', 'pratama12dhweu@mail.com', '085158869244', '330202420008', '2008-11-30', 'mandiri_bill', 2898500.00, 'completed', '2025-12-24 18:47:14', '2025-12-24 18:47:16');

-- --------------------------------------------------------

--
-- Struktur dari tabel `order_items`
--

CREATE TABLE `order_items` (
  `id` int UNSIGNED NOT NULL,
  `order_id` int UNSIGNED NOT NULL,
  `ticket_code` varchar(50) CHARACTER SET utf8mb4 COLLATE utf8mb4_general_ci NOT NULL,
  `ticket_type_id` int UNSIGNED DEFAULT NULL,
  `seat_id` int UNSIGNED DEFAULT NULL,
  `quantity` int NOT NULL,
  `price_per_ticket` decimal(10,2) NOT NULL
) ENGINE=InnoDB DEFAULT CHARSET=utf8mb4 COLLATE=utf8mb4_general_ci;

--
-- Dumping data untuk tabel `order_items`
--

INSERT INTO `order_items` (`id`, `order_id`, `ticket_code`, `ticket_type_id`, `seat_id`, `quantity`, `price_per_ticket`) VALUES
(69, 54, 'TKT-E02-54-5D3A44', 12, NULL, 1, 3350000.00),
(70, 54, 'TKT-E02-54-786DE4', 14, 1, 1, 2850000.00),
(71, 55, 'TKT-E02-55-5CC36F', 12, NULL, 1, 3350000.00),
(72, 55, 'TKT-E02-55-AEB763', 13, NULL, 1, 2900000.00),
(73, 55, 'TKT-E02-55-39392D', 15, NULL, 1, 2600000.00),
(74, 55, 'TKT-E02-55-1B4534', 16, 321, 1, 1850000.00),
(75, 56, 'TKT-E02-56-6B0E0A', 16, 322, 1, 1850000.00),
(76, 57, 'TKT-E02-57-794432', 13, NULL, 1, 2900000.00),
(77, 57, 'TKT-E02-57-A2239D', 14, 2, 1, 2850000.00),
(78, 57, 'TKT-E02-57-14A439', 14, 3, 1, 2850000.00),
(79, 57, 'TKT-E02-57-B10AD9', 16, 323, 1, 1850000.00),
(80, 58, 'TKT-E02-58-375706', 13, NULL, 1, 2900000.00),
(81, 59, 'TKT-E02-59-E29177', 14, 4, 1, 2850000.00),
(82, 60, 'TKT-E02-60-2701AA', 12, NULL, 1, 3350000.00),
(83, 60, 'TKT-E02-60-F216F4', 13, NULL, 1, 2900000.00),
(84, 60, 'TKT-E02-60-D66845', 14, 5, 1, 2850000.00),
(85, 60, 'TKT-E02-60-5E9C0C', 15, NULL, 1, 2600000.00),
(86, 61, 'TKT-E02-61-07FE6E', 12, NULL, 1, 3350000.00),
(87, 61, 'TKT-E02-61-8E33D7', 13, NULL, 1, 2900000.00),
(88, 61, 'TKT-E02-61-6984BF', 14, 6, 1, 2850000.00),
(89, 62, 'TKT-E02-62-C9EF9D', 13, NULL, 1, 2900000.00),
(90, 62, 'TKT-E02-62-B7C8C5', 14, 7, 1, 2850000.00),
(91, 62, 'TKT-E02-62-CB1138', 15, NULL, 1, 2600000.00),
(92, 62, 'TKT-E02-62-5DEEF8', 16, 324, 1, 1850000.00),
(93, 63, 'TKT-E02-63-A7BF23', 16, 325, 1, 1850000.00),
(94, 64, 'TKT-E02-64-19425B', 17, NULL, 1, 1400000.00),
(95, 65, 'TKT-E02-65-5E5483', 15, NULL, 1, 2600000.00);

-- --------------------------------------------------------

--
-- Struktur dari tabel `payment_methods`
--

CREATE TABLE `payment_methods` (
  `id` int NOT NULL,
  `name` varchar(100) NOT NULL,
  `code` varchar(50) NOT NULL,
  `type` enum('ewallet','virtual_account','qris','store','other') DEFAULT 'virtual_account',
  `logo_image` varchar(255) DEFAULT NULL,
  `is_active` tinyint(1) DEFAULT '1',
  `created_at` datetime DEFAULT CURRENT_TIMESTAMP,
  `updated_at` datetime DEFAULT CURRENT_TIMESTAMP ON UPDATE CURRENT_TIMESTAMP
) ENGINE=InnoDB DEFAULT CHARSET=utf8mb4 COLLATE=utf8mb4_0900_ai_ci;

--
-- Dumping data untuk tabel `payment_methods`
--

INSERT INTO `payment_methods` (`id`, `name`, `code`, `type`, `logo_image`, `is_active`, `created_at`, `updated_at`) VALUES
(11, 'BCA Virtual Account', 'bca', 'virtual_account', 'assets/payment/bca.svg', 1, '2025-11-22 20:10:33', '2025-11-22 20:38:36'),
(12, 'BNI Virtual Account', 'bni', 'virtual_account', 'assets/payment/bni.svg', 1, '2025-11-22 20:10:33', '2025-11-22 20:38:36'),
(13, 'BRI Virtual Account', 'bri', 'virtual_account', 'assets/payment/bri.svg', 1, '2025-11-22 20:10:33', '2025-11-22 20:38:36'),
(14, 'Mandiri Bill', 'mandiri_bill', 'virtual_account', 'assets/payment/mandiri_bill.svg', 1, '2025-11-22 20:10:33', '2025-12-10 21:20:27'),
(15, 'GoPay', 'gopay', 'ewallet', 'assets/payment/gopay.svg', 1, '2025-11-22 20:10:33', '2025-11-22 20:10:33'),
(16, 'OVO', 'ovo', 'ewallet', 'assets/payment/ovo.svg', 1, '2025-11-22 20:10:33', '2025-11-22 20:10:33'),
(17, 'DANA', 'dana', 'ewallet', 'assets/payment/dana.svg', 1, '2025-11-22 20:10:33', '2025-11-22 20:10:33'),
(18, 'ShopeePay', 'shopeepay', 'ewallet', 'assets/payment/shopeepay.svg', 1, '2025-11-22 20:10:33', '2025-11-22 20:10:33'),
(19, 'Allo Bank', 'allobank', 'other', 'assets/payment/allobank.svg', 1, '2025-11-22 20:10:33', '2025-11-22 20:10:33'),
(20, 'Akulaku PayLater', 'akulaku', 'other', 'assets/payment/akulaku.svg', 1, '2025-11-22 20:10:33', '2025-11-22 20:10:33');

-- --------------------------------------------------------

--
-- Struktur dari tabel `seats`
--

CREATE TABLE `seats` (
  `id` int UNSIGNED NOT NULL,
  `event_id` int UNSIGNED NOT NULL,
  `ticket_type_id` int UNSIGNED NOT NULL,
  `seat_row` varchar(10) CHARACTER SET utf8mb4 COLLATE utf8mb4_general_ci NOT NULL,
  `seat_number` int NOT NULL,
  `label` varchar(20) CHARACTER SET utf8mb4 COLLATE utf8mb4_general_ci NOT NULL
) ENGINE=InnoDB DEFAULT CHARSET=utf8mb4 COLLATE=utf8mb4_general_ci;

--
-- Dumping data untuk tabel `seats`
--

INSERT INTO `seats` (`id`, `event_id`, `ticket_type_id`, `seat_row`, `seat_number`, `label`) VALUES
(1, 2, 14, 'A', 1, 'A-1'),
(2, 2, 14, 'A', 2, 'A-2'),
(3, 2, 14, 'A', 3, 'A-3'),
(4, 2, 14, 'A', 4, 'A-4'),
(5, 2, 14, 'A', 5, 'A-5'),
(6, 2, 14, 'A', 6, 'A-6'),
(7, 2, 14, 'A', 7, 'A-7'),
(8, 2, 14, 'A', 8, 'A-8'),
(9, 2, 14, 'A', 9, 'A-9'),
(10, 2, 14, 'A', 10, 'A-10'),
(11, 2, 14, 'A', 11, 'A-11'),
(12, 2, 14, 'A', 12, 'A-12'),
(13, 2, 14, 'A', 13, 'A-13'),
(14, 2, 14, 'A', 14, 'A-14'),
(15, 2, 14, 'A', 15, 'A-15'),
(16, 2, 14, 'A', 16, 'A-16'),
(17, 2, 14, 'A', 17, 'A-17'),
(18, 2, 14, 'A', 18, 'A-18'),
(19, 2, 14, 'A', 19, 'A-19'),
(20, 2, 14, 'A', 20, 'A-20'),
(21, 2, 14, 'A', 21, 'A-21'),
(22, 2, 14, 'A', 22, 'A-22'),
(23, 2, 14, 'A', 23, 'A-23'),
(24, 2, 14, 'A', 24, 'A-24'),
(25, 2, 14, 'A', 25, 'A-25'),
(26, 2, 14, 'A', 26, 'A-26'),
(27, 2, 14, 'A', 27, 'A-27'),
(28, 2, 14, 'A', 28, 'A-28'),
(29, 2, 14, 'A', 29, 'A-29'),
(30, 2, 14, 'A', 30, 'A-30'),
(31, 2, 14, 'A', 31, 'A-31'),
(32, 2, 14, 'A', 32, 'A-32'),
(33, 2, 14, 'A', 33, 'A-33'),
(34, 2, 14, 'A', 34, 'A-34'),
(35, 2, 14, 'A', 35, 'A-35'),
(36, 2, 14, 'A', 36, 'A-36'),
(37, 2, 14, 'A', 37, 'A-37'),
(38, 2, 14, 'A', 38, 'A-38'),
(39, 2, 14, 'A', 39, 'A-39'),
(40, 2, 14, 'A', 40, 'A-40'),
(41, 2, 14, 'B', 1, 'B-1'),
(42, 2, 14, 'B', 2, 'B-2'),
(43, 2, 14, 'B', 3, 'B-3'),
(44, 2, 14, 'B', 4, 'B-4'),
(45, 2, 14, 'B', 5, 'B-5'),
(46, 2, 14, 'B', 6, 'B-6'),
(47, 2, 14, 'B', 7, 'B-7'),
(48, 2, 14, 'B', 8, 'B-8'),
(49, 2, 14, 'B', 9, 'B-9'),
(50, 2, 14, 'B', 10, 'B-10'),
(51, 2, 14, 'B', 11, 'B-11'),
(52, 2, 14, 'B', 12, 'B-12'),
(53, 2, 14, 'B', 13, 'B-13'),
(54, 2, 14, 'B', 14, 'B-14'),
(55, 2, 14, 'B', 15, 'B-15'),
(56, 2, 14, 'B', 16, 'B-16'),
(57, 2, 14, 'B', 17, 'B-17'),
(58, 2, 14, 'B', 18, 'B-18'),
(59, 2, 14, 'B', 19, 'B-19'),
(60, 2, 14, 'B', 20, 'B-20'),
(61, 2, 14, 'B', 21, 'B-21'),
(62, 2, 14, 'B', 22, 'B-22'),
(63, 2, 14, 'B', 23, 'B-23'),
(64, 2, 14, 'B', 24, 'B-24'),
(65, 2, 14, 'B', 25, 'B-25'),
(66, 2, 14, 'B', 26, 'B-26'),
(67, 2, 14, 'B', 27, 'B-27'),
(68, 2, 14, 'B', 28, 'B-28'),
(69, 2, 14, 'B', 29, 'B-29'),
(70, 2, 14, 'B', 30, 'B-30'),
(71, 2, 14, 'B', 31, 'B-31'),
(72, 2, 14, 'B', 32, 'B-32'),
(73, 2, 14, 'B', 33, 'B-33'),
(74, 2, 14, 'B', 34, 'B-34'),
(75, 2, 14, 'B', 35, 'B-35'),
(76, 2, 14, 'B', 36, 'B-36'),
(77, 2, 14, 'B', 37, 'B-37'),
(78, 2, 14, 'B', 38, 'B-38'),
(79, 2, 14, 'B', 39, 'B-39'),
(80, 2, 14, 'B', 40, 'B-40'),
(81, 2, 14, 'C', 1, 'C-1'),
(82, 2, 14, 'C', 2, 'C-2'),
(83, 2, 14, 'C', 3, 'C-3'),
(84, 2, 14, 'C', 4, 'C-4'),
(85, 2, 14, 'C', 5, 'C-5'),
(86, 2, 14, 'C', 6, 'C-6'),
(87, 2, 14, 'C', 7, 'C-7'),
(88, 2, 14, 'C', 8, 'C-8'),
(89, 2, 14, 'C', 9, 'C-9'),
(90, 2, 14, 'C', 10, 'C-10'),
(91, 2, 14, 'C', 11, 'C-11'),
(92, 2, 14, 'C', 12, 'C-12'),
(93, 2, 14, 'C', 13, 'C-13'),
(94, 2, 14, 'C', 14, 'C-14'),
(95, 2, 14, 'C', 15, 'C-15'),
(96, 2, 14, 'C', 16, 'C-16'),
(97, 2, 14, 'C', 17, 'C-17'),
(98, 2, 14, 'C', 18, 'C-18'),
(99, 2, 14, 'C', 19, 'C-19'),
(100, 2, 14, 'C', 20, 'C-20'),
(101, 2, 14, 'C', 21, 'C-21'),
(102, 2, 14, 'C', 22, 'C-22'),
(103, 2, 14, 'C', 23, 'C-23'),
(104, 2, 14, 'C', 24, 'C-24'),
(105, 2, 14, 'C', 25, 'C-25'),
(106, 2, 14, 'C', 26, 'C-26'),
(107, 2, 14, 'C', 27, 'C-27'),
(108, 2, 14, 'C', 28, 'C-28'),
(109, 2, 14, 'C', 29, 'C-29'),
(110, 2, 14, 'C', 30, 'C-30'),
(111, 2, 14, 'C', 31, 'C-31'),
(112, 2, 14, 'C', 32, 'C-32'),
(113, 2, 14, 'C', 33, 'C-33'),
(114, 2, 14, 'C', 34, 'C-34'),
(115, 2, 14, 'C', 35, 'C-35'),
(116, 2, 14, 'C', 36, 'C-36'),
(117, 2, 14, 'C', 37, 'C-37'),
(118, 2, 14, 'C', 38, 'C-38'),
(119, 2, 14, 'C', 39, 'C-39'),
(120, 2, 14, 'C', 40, 'C-40'),
(121, 2, 14, 'D', 1, 'D-1'),
(122, 2, 14, 'D', 2, 'D-2'),
(123, 2, 14, 'D', 3, 'D-3'),
(124, 2, 14, 'D', 4, 'D-4'),
(125, 2, 14, 'D', 5, 'D-5'),
(126, 2, 14, 'D', 6, 'D-6'),
(127, 2, 14, 'D', 7, 'D-7'),
(128, 2, 14, 'D', 8, 'D-8'),
(129, 2, 14, 'D', 9, 'D-9'),
(130, 2, 14, 'D', 10, 'D-10'),
(131, 2, 14, 'D', 11, 'D-11'),
(132, 2, 14, 'D', 12, 'D-12'),
(133, 2, 14, 'D', 13, 'D-13'),
(134, 2, 14, 'D', 14, 'D-14'),
(135, 2, 14, 'D', 15, 'D-15'),
(136, 2, 14, 'D', 16, 'D-16'),
(137, 2, 14, 'D', 17, 'D-17'),
(138, 2, 14, 'D', 18, 'D-18'),
(139, 2, 14, 'D', 19, 'D-19'),
(140, 2, 14, 'D', 20, 'D-20'),
(141, 2, 14, 'D', 21, 'D-21'),
(142, 2, 14, 'D', 22, 'D-22'),
(143, 2, 14, 'D', 23, 'D-23'),
(144, 2, 14, 'D', 24, 'D-24'),
(145, 2, 14, 'D', 25, 'D-25'),
(146, 2, 14, 'D', 26, 'D-26'),
(147, 2, 14, 'D', 27, 'D-27'),
(148, 2, 14, 'D', 28, 'D-28'),
(149, 2, 14, 'D', 29, 'D-29'),
(150, 2, 14, 'D', 30, 'D-30'),
(151, 2, 14, 'D', 31, 'D-31'),
(152, 2, 14, 'D', 32, 'D-32'),
(153, 2, 14, 'D', 33, 'D-33'),
(154, 2, 14, 'D', 34, 'D-34'),
(155, 2, 14, 'D', 35, 'D-35'),
(156, 2, 14, 'D', 36, 'D-36'),
(157, 2, 14, 'D', 37, 'D-37'),
(158, 2, 14, 'D', 38, 'D-38'),
(159, 2, 14, 'D', 39, 'D-39'),
(160, 2, 14, 'D', 40, 'D-40'),
(161, 2, 14, 'E', 1, 'E-1'),
(162, 2, 14, 'E', 2, 'E-2'),
(163, 2, 14, 'E', 3, 'E-3'),
(164, 2, 14, 'E', 4, 'E-4'),
(165, 2, 14, 'E', 5, 'E-5'),
(166, 2, 14, 'E', 6, 'E-6'),
(167, 2, 14, 'E', 7, 'E-7'),
(168, 2, 14, 'E', 8, 'E-8'),
(169, 2, 14, 'E', 9, 'E-9'),
(170, 2, 14, 'E', 10, 'E-10'),
(171, 2, 14, 'E', 11, 'E-11'),
(172, 2, 14, 'E', 12, 'E-12'),
(173, 2, 14, 'E', 13, 'E-13'),
(174, 2, 14, 'E', 14, 'E-14'),
(175, 2, 14, 'E', 15, 'E-15'),
(176, 2, 14, 'E', 16, 'E-16'),
(177, 2, 14, 'E', 17, 'E-17'),
(178, 2, 14, 'E', 18, 'E-18'),
(179, 2, 14, 'E', 19, 'E-19'),
(180, 2, 14, 'E', 20, 'E-20'),
(181, 2, 14, 'E', 21, 'E-21'),
(182, 2, 14, 'E', 22, 'E-22'),
(183, 2, 14, 'E', 23, 'E-23'),
(184, 2, 14, 'E', 24, 'E-24'),
(185, 2, 14, 'E', 25, 'E-25'),
(186, 2, 14, 'E', 26, 'E-26'),
(187, 2, 14, 'E', 27, 'E-27'),
(188, 2, 14, 'E', 28, 'E-28'),
(189, 2, 14, 'E', 29, 'E-29'),
(190, 2, 14, 'E', 30, 'E-30'),
(191, 2, 14, 'E', 31, 'E-31'),
(192, 2, 14, 'E', 32, 'E-32'),
(193, 2, 14, 'E', 33, 'E-33'),
(194, 2, 14, 'E', 34, 'E-34'),
(195, 2, 14, 'E', 35, 'E-35'),
(196, 2, 14, 'E', 36, 'E-36'),
(197, 2, 14, 'E', 37, 'E-37'),
(198, 2, 14, 'E', 38, 'E-38'),
(199, 2, 14, 'E', 39, 'E-39'),
(200, 2, 14, 'E', 40, 'E-40'),
(201, 2, 14, 'F', 1, 'F-1'),
(202, 2, 14, 'F', 2, 'F-2'),
(203, 2, 14, 'F', 3, 'F-3'),
(204, 2, 14, 'F', 4, 'F-4'),
(205, 2, 14, 'F', 5, 'F-5'),
(206, 2, 14, 'F', 6, 'F-6'),
(207, 2, 14, 'F', 7, 'F-7'),
(208, 2, 14, 'F', 8, 'F-8'),
(209, 2, 14, 'F', 9, 'F-9'),
(210, 2, 14, 'F', 10, 'F-10'),
(211, 2, 14, 'F', 11, 'F-11'),
(212, 2, 14, 'F', 12, 'F-12'),
(213, 2, 14, 'F', 13, 'F-13'),
(214, 2, 14, 'F', 14, 'F-14'),
(215, 2, 14, 'F', 15, 'F-15'),
(216, 2, 14, 'F', 16, 'F-16'),
(217, 2, 14, 'F', 17, 'F-17'),
(218, 2, 14, 'F', 18, 'F-18'),
(219, 2, 14, 'F', 19, 'F-19'),
(220, 2, 14, 'F', 20, 'F-20'),
(221, 2, 14, 'F', 21, 'F-21'),
(222, 2, 14, 'F', 22, 'F-22'),
(223, 2, 14, 'F', 23, 'F-23'),
(224, 2, 14, 'F', 24, 'F-24'),
(225, 2, 14, 'F', 25, 'F-25'),
(226, 2, 14, 'F', 26, 'F-26'),
(227, 2, 14, 'F', 27, 'F-27'),
(228, 2, 14, 'F', 28, 'F-28'),
(229, 2, 14, 'F', 29, 'F-29'),
(230, 2, 14, 'F', 30, 'F-30'),
(231, 2, 14, 'F', 31, 'F-31'),
(232, 2, 14, 'F', 32, 'F-32'),
(233, 2, 14, 'F', 33, 'F-33'),
(234, 2, 14, 'F', 34, 'F-34'),
(235, 2, 14, 'F', 35, 'F-35'),
(236, 2, 14, 'F', 36, 'F-36'),
(237, 2, 14, 'F', 37, 'F-37'),
(238, 2, 14, 'F', 38, 'F-38'),
(239, 2, 14, 'F', 39, 'F-39'),
(240, 2, 14, 'F', 40, 'F-40'),
(241, 2, 14, 'G', 1, 'G-1'),
(242, 2, 14, 'G', 2, 'G-2'),
(243, 2, 14, 'G', 3, 'G-3'),
(244, 2, 14, 'G', 4, 'G-4'),
(245, 2, 14, 'G', 5, 'G-5'),
(246, 2, 14, 'G', 6, 'G-6'),
(247, 2, 14, 'G', 7, 'G-7'),
(248, 2, 14, 'G', 8, 'G-8'),
(249, 2, 14, 'G', 9, 'G-9'),
(250, 2, 14, 'G', 10, 'G-10'),
(251, 2, 14, 'G', 11, 'G-11'),
(252, 2, 14, 'G', 12, 'G-12'),
(253, 2, 14, 'G', 13, 'G-13'),
(254, 2, 14, 'G', 14, 'G-14'),
(255, 2, 14, 'G', 15, 'G-15'),
(256, 2, 14, 'G', 16, 'G-16'),
(257, 2, 14, 'G', 17, 'G-17'),
(258, 2, 14, 'G', 18, 'G-18'),
(259, 2, 14, 'G', 19, 'G-19'),
(260, 2, 14, 'G', 20, 'G-20'),
(261, 2, 14, 'G', 21, 'G-21'),
(262, 2, 14, 'G', 22, 'G-22'),
(263, 2, 14, 'G', 23, 'G-23'),
(264, 2, 14, 'G', 24, 'G-24'),
(265, 2, 14, 'G', 25, 'G-25'),
(266, 2, 14, 'G', 26, 'G-26'),
(267, 2, 14, 'G', 27, 'G-27'),
(268, 2, 14, 'G', 28, 'G-28'),
(269, 2, 14, 'G', 29, 'G-29'),
(270, 2, 14, 'G', 30, 'G-30'),
(271, 2, 14, 'G', 31, 'G-31'),
(272, 2, 14, 'G', 32, 'G-32'),
(273, 2, 14, 'G', 33, 'G-33'),
(274, 2, 14, 'G', 34, 'G-34'),
(275, 2, 14, 'G', 35, 'G-35'),
(276, 2, 14, 'G', 36, 'G-36'),
(277, 2, 14, 'G', 37, 'G-37'),
(278, 2, 14, 'G', 38, 'G-38'),
(279, 2, 14, 'G', 39, 'G-39'),
(280, 2, 14, 'G', 40, 'G-40'),
(281, 2, 14, 'H', 1, 'H-1'),
(282, 2, 14, 'H', 2, 'H-2'),
(283, 2, 14, 'H', 3, 'H-3'),
(284, 2, 14, 'H', 4, 'H-4'),
(285, 2, 14, 'H', 5, 'H-5'),
(286, 2, 14, 'H', 6, 'H-6'),
(287, 2, 14, 'H', 7, 'H-7'),
(288, 2, 14, 'H', 8, 'H-8'),
(289, 2, 14, 'H', 9, 'H-9'),
(290, 2, 14, 'H', 10, 'H-10'),
(291, 2, 14, 'H', 11, 'H-11'),
(292, 2, 14, 'H', 12, 'H-12'),
(293, 2, 14, 'H', 13, 'H-13'),
(294, 2, 14, 'H', 14, 'H-14'),
(295, 2, 14, 'H', 15, 'H-15'),
(296, 2, 14, 'H', 16, 'H-16'),
(297, 2, 14, 'H', 17, 'H-17'),
(298, 2, 14, 'H', 18, 'H-18'),
(299, 2, 14, 'H', 19, 'H-19'),
(300, 2, 14, 'H', 20, 'H-20'),
(301, 2, 14, 'H', 21, 'H-21'),
(302, 2, 14, 'H', 22, 'H-22'),
(303, 2, 14, 'H', 23, 'H-23'),
(304, 2, 14, 'H', 24, 'H-24'),
(305, 2, 14, 'H', 25, 'H-25'),
(306, 2, 14, 'H', 26, 'H-26'),
(307, 2, 14, 'H', 27, 'H-27'),
(308, 2, 14, 'H', 28, 'H-28'),
(309, 2, 14, 'H', 29, 'H-29'),
(310, 2, 14, 'H', 30, 'H-30'),
(311, 2, 14, 'H', 31, 'H-31'),
(312, 2, 14, 'H', 32, 'H-32'),
(313, 2, 14, 'H', 33, 'H-33'),
(314, 2, 14, 'H', 34, 'H-34'),
(315, 2, 14, 'H', 35, 'H-35'),
(316, 2, 14, 'H', 36, 'H-36'),
(317, 2, 14, 'H', 37, 'H-37'),
(318, 2, 14, 'H', 38, 'H-38'),
(319, 2, 14, 'H', 39, 'H-39'),
(320, 2, 14, 'H', 40, 'H-40'),
(321, 2, 16, 'A', 1, 'A-1'),
(322, 2, 16, 'A', 2, 'A-2'),
(323, 2, 16, 'A', 3, 'A-3'),
(324, 2, 16, 'A', 4, 'A-4'),
(325, 2, 16, 'A', 5, 'A-5'),
(326, 2, 16, 'A', 6, 'A-6'),
(327, 2, 16, 'A', 7, 'A-7'),
(328, 2, 16, 'A', 8, 'A-8'),
(329, 2, 16, 'A', 9, 'A-9'),
(330, 2, 16, 'A', 10, 'A-10'),
(331, 2, 16, 'A', 11, 'A-11'),
(332, 2, 16, 'A', 12, 'A-12'),
(333, 2, 16, 'A', 13, 'A-13'),
(334, 2, 16, 'A', 14, 'A-14'),
(335, 2, 16, 'A', 15, 'A-15'),
(336, 2, 16, 'A', 16, 'A-16'),
(337, 2, 16, 'A', 17, 'A-17'),
(338, 2, 16, 'A', 18, 'A-18'),
(339, 2, 16, 'A', 19, 'A-19'),
(340, 2, 16, 'A', 20, 'A-20'),
(341, 2, 16, 'A', 21, 'A-21'),
(342, 2, 16, 'A', 22, 'A-22'),
(343, 2, 16, 'A', 23, 'A-23'),
(344, 2, 16, 'A', 24, 'A-24'),
(345, 2, 16, 'A', 25, 'A-25'),
(346, 2, 16, 'A', 26, 'A-26'),
(347, 2, 16, 'A', 27, 'A-27'),
(348, 2, 16, 'A', 28, 'A-28'),
(349, 2, 16, 'A', 29, 'A-29'),
(350, 2, 16, 'A', 30, 'A-30'),
(351, 2, 16, 'B', 1, 'B-1'),
(352, 2, 16, 'B', 2, 'B-2'),
(353, 2, 16, 'B', 3, 'B-3'),
(354, 2, 16, 'B', 4, 'B-4'),
(355, 2, 16, 'B', 5, 'B-5'),
(356, 2, 16, 'B', 6, 'B-6'),
(357, 2, 16, 'B', 7, 'B-7'),
(358, 2, 16, 'B', 8, 'B-8'),
(359, 2, 16, 'B', 9, 'B-9'),
(360, 2, 16, 'B', 10, 'B-10'),
(361, 2, 16, 'B', 11, 'B-11'),
(362, 2, 16, 'B', 12, 'B-12'),
(363, 2, 16, 'B', 13, 'B-13'),
(364, 2, 16, 'B', 14, 'B-14'),
(365, 2, 16, 'B', 15, 'B-15'),
(366, 2, 16, 'B', 16, 'B-16'),
(367, 2, 16, 'B', 17, 'B-17'),
(368, 2, 16, 'B', 18, 'B-18'),
(369, 2, 16, 'B', 19, 'B-19'),
(370, 2, 16, 'B', 20, 'B-20'),
(371, 2, 16, 'B', 21, 'B-21'),
(372, 2, 16, 'B', 22, 'B-22'),
(373, 2, 16, 'B', 23, 'B-23'),
(374, 2, 16, 'B', 24, 'B-24'),
(375, 2, 16, 'B', 25, 'B-25'),
(376, 2, 16, 'B', 26, 'B-26'),
(377, 2, 16, 'B', 27, 'B-27'),
(378, 2, 16, 'B', 28, 'B-28'),
(379, 2, 16, 'B', 29, 'B-29'),
(380, 2, 16, 'B', 30, 'B-30'),
(381, 2, 16, 'C', 1, 'C-1'),
(382, 2, 16, 'C', 2, 'C-2'),
(383, 2, 16, 'C', 3, 'C-3'),
(384, 2, 16, 'C', 4, 'C-4'),
(385, 2, 16, 'C', 5, 'C-5'),
(386, 2, 16, 'C', 6, 'C-6'),
(387, 2, 16, 'C', 7, 'C-7'),
(388, 2, 16, 'C', 8, 'C-8'),
(389, 2, 16, 'C', 9, 'C-9'),
(390, 2, 16, 'C', 10, 'C-10'),
(391, 2, 16, 'C', 11, 'C-11'),
(392, 2, 16, 'C', 12, 'C-12'),
(393, 2, 16, 'C', 13, 'C-13'),
(394, 2, 16, 'C', 14, 'C-14'),
(395, 2, 16, 'C', 15, 'C-15'),
(396, 2, 16, 'C', 16, 'C-16'),
(397, 2, 16, 'C', 17, 'C-17'),
(398, 2, 16, 'C', 18, 'C-18'),
(399, 2, 16, 'C', 19, 'C-19'),
(400, 2, 16, 'C', 20, 'C-20'),
(401, 2, 16, 'C', 21, 'C-21'),
(402, 2, 16, 'C', 22, 'C-22'),
(403, 2, 16, 'C', 23, 'C-23'),
(404, 2, 16, 'C', 24, 'C-24'),
(405, 2, 16, 'C', 25, 'C-25'),
(406, 2, 16, 'C', 26, 'C-26'),
(407, 2, 16, 'C', 27, 'C-27'),
(408, 2, 16, 'C', 28, 'C-28'),
(409, 2, 16, 'C', 29, 'C-29'),
(410, 2, 16, 'C', 30, 'C-30'),
(411, 2, 16, 'D', 1, 'D-1'),
(412, 2, 16, 'D', 2, 'D-2'),
(413, 2, 16, 'D', 3, 'D-3'),
(414, 2, 16, 'D', 4, 'D-4'),
(415, 2, 16, 'D', 5, 'D-5'),
(416, 2, 16, 'D', 6, 'D-6'),
(417, 2, 16, 'D', 7, 'D-7'),
(418, 2, 16, 'D', 8, 'D-8'),
(419, 2, 16, 'D', 9, 'D-9'),
(420, 2, 16, 'D', 10, 'D-10'),
(421, 2, 16, 'D', 11, 'D-11'),
(422, 2, 16, 'D', 12, 'D-12'),
(423, 2, 16, 'D', 13, 'D-13'),
(424, 2, 16, 'D', 14, 'D-14'),
(425, 2, 16, 'D', 15, 'D-15'),
(426, 2, 16, 'D', 16, 'D-16'),
(427, 2, 16, 'D', 17, 'D-17'),
(428, 2, 16, 'D', 18, 'D-18'),
(429, 2, 16, 'D', 19, 'D-19'),
(430, 2, 16, 'D', 20, 'D-20'),
(431, 2, 16, 'D', 21, 'D-21'),
(432, 2, 16, 'D', 22, 'D-22'),
(433, 2, 16, 'D', 23, 'D-23'),
(434, 2, 16, 'D', 24, 'D-24'),
(435, 2, 16, 'D', 25, 'D-25'),
(436, 2, 16, 'D', 26, 'D-26'),
(437, 2, 16, 'D', 27, 'D-27'),
(438, 2, 16, 'D', 28, 'D-28'),
(439, 2, 16, 'D', 29, 'D-29'),
(440, 2, 16, 'D', 30, 'D-30'),
(441, 1, 6, 'A', 1, 'A-1'),
(442, 1, 6, 'A', 2, 'A-2'),
(443, 1, 6, 'A', 3, 'A-3'),
(444, 1, 6, 'A', 4, 'A-4'),
(445, 1, 6, 'A', 5, 'A-5'),
(446, 1, 6, 'A', 6, 'A-6'),
(447, 1, 6, 'A', 7, 'A-7'),
(448, 1, 6, 'A', 8, 'A-8'),
(449, 1, 6, 'A', 9, 'A-9'),
(450, 1, 6, 'A', 10, 'A-10'),
(451, 1, 6, 'A', 11, 'A-11'),
(452, 1, 6, 'A', 12, 'A-12'),
(453, 1, 6, 'A', 13, 'A-13'),
(454, 1, 6, 'A', 14, 'A-14'),
(455, 1, 6, 'A', 15, 'A-15'),
(456, 1, 6, 'A', 16, 'A-16'),
(457, 1, 6, 'A', 17, 'A-17'),
(458, 1, 6, 'A', 18, 'A-18'),
(459, 1, 6, 'A', 19, 'A-19'),
(460, 1, 6, 'A', 20, 'A-20'),
(461, 1, 6, 'A', 21, 'A-21'),
(462, 1, 6, 'A', 22, 'A-22'),
(463, 1, 6, 'A', 23, 'A-23'),
(464, 1, 6, 'A', 24, 'A-24'),
(465, 1, 6, 'A', 25, 'A-25'),
(466, 1, 6, 'A', 26, 'A-26'),
(467, 1, 6, 'A', 27, 'A-27'),
(468, 1, 6, 'A', 28, 'A-28'),
(469, 1, 6, 'A', 29, 'A-29'),
(470, 1, 6, 'A', 30, 'A-30'),
(471, 1, 6, 'A', 31, 'A-31'),
(472, 1, 6, 'A', 32, 'A-32'),
(473, 1, 6, 'A', 33, 'A-33'),
(474, 1, 6, 'A', 34, 'A-34'),
(475, 1, 6, 'A', 35, 'A-35'),
(476, 1, 6, 'A', 36, 'A-36'),
(477, 1, 6, 'A', 37, 'A-37'),
(478, 1, 6, 'A', 38, 'A-38'),
(479, 1, 6, 'A', 39, 'A-39'),
(480, 1, 6, 'A', 40, 'A-40'),
(481, 1, 6, 'A', 41, 'A-41'),
(482, 1, 6, 'A', 42, 'A-42'),
(483, 1, 6, 'A', 43, 'A-43'),
(484, 1, 6, 'A', 44, 'A-44'),
(485, 1, 6, 'A', 45, 'A-45'),
(486, 1, 6, 'A', 46, 'A-46'),
(487, 1, 6, 'A', 47, 'A-47'),
(488, 1, 6, 'A', 48, 'A-48'),
(489, 1, 6, 'A', 49, 'A-49'),
(490, 1, 6, 'A', 50, 'A-50'),
(491, 1, 6, 'B', 1, 'B-1'),
(492, 1, 6, 'B', 2, 'B-2'),
(493, 1, 6, 'B', 3, 'B-3'),
(494, 1, 6, 'B', 4, 'B-4'),
(495, 1, 6, 'B', 5, 'B-5'),
(496, 1, 6, 'B', 6, 'B-6'),
(497, 1, 6, 'B', 7, 'B-7'),
(498, 1, 6, 'B', 8, 'B-8'),
(499, 1, 6, 'B', 9, 'B-9'),
(500, 1, 6, 'B', 10, 'B-10'),
(501, 1, 6, 'B', 11, 'B-11'),
(502, 1, 6, 'B', 12, 'B-12'),
(503, 1, 6, 'B', 13, 'B-13'),
(504, 1, 6, 'B', 14, 'B-14'),
(505, 1, 6, 'B', 15, 'B-15'),
(506, 1, 6, 'B', 16, 'B-16'),
(507, 1, 6, 'B', 17, 'B-17'),
(508, 1, 6, 'B', 18, 'B-18'),
(509, 1, 6, 'B', 19, 'B-19'),
(510, 1, 6, 'B', 20, 'B-20'),
(511, 1, 6, 'B', 21, 'B-21'),
(512, 1, 6, 'B', 22, 'B-22'),
(513, 1, 6, 'B', 23, 'B-23'),
(514, 1, 6, 'B', 24, 'B-24'),
(515, 1, 6, 'B', 25, 'B-25'),
(516, 1, 6, 'B', 26, 'B-26'),
(517, 1, 6, 'B', 27, 'B-27'),
(518, 1, 6, 'B', 28, 'B-28'),
(519, 1, 6, 'B', 29, 'B-29'),
(520, 1, 6, 'B', 30, 'B-30'),
(521, 1, 6, 'B', 31, 'B-31'),
(522, 1, 6, 'B', 32, 'B-32'),
(523, 1, 6, 'B', 33, 'B-33'),
(524, 1, 6, 'B', 34, 'B-34'),
(525, 1, 6, 'B', 35, 'B-35'),
(526, 1, 6, 'B', 36, 'B-36'),
(527, 1, 6, 'B', 37, 'B-37'),
(528, 1, 6, 'B', 38, 'B-38'),
(529, 1, 6, 'B', 39, 'B-39'),
(530, 1, 6, 'B', 40, 'B-40'),
(531, 1, 6, 'B', 41, 'B-41'),
(532, 1, 6, 'B', 42, 'B-42'),
(533, 1, 6, 'B', 43, 'B-43'),
(534, 1, 6, 'B', 44, 'B-44'),
(535, 1, 6, 'B', 45, 'B-45'),
(536, 1, 6, 'B', 46, 'B-46'),
(537, 1, 6, 'B', 47, 'B-47'),
(538, 1, 6, 'B', 48, 'B-48'),
(539, 1, 6, 'B', 49, 'B-49'),
(540, 1, 6, 'B', 50, 'B-50'),
(541, 1, 6, 'C', 1, 'C-1'),
(542, 1, 6, 'C', 2, 'C-2'),
(543, 1, 6, 'C', 3, 'C-3'),
(544, 1, 6, 'C', 4, 'C-4'),
(545, 1, 6, 'C', 5, 'C-5'),
(546, 1, 6, 'C', 6, 'C-6'),
(547, 1, 6, 'C', 7, 'C-7'),
(548, 1, 6, 'C', 8, 'C-8'),
(549, 1, 6, 'C', 9, 'C-9'),
(550, 1, 6, 'C', 10, 'C-10'),
(551, 1, 6, 'C', 11, 'C-11'),
(552, 1, 6, 'C', 12, 'C-12'),
(553, 1, 6, 'C', 13, 'C-13'),
(554, 1, 6, 'C', 14, 'C-14'),
(555, 1, 6, 'C', 15, 'C-15'),
(556, 1, 6, 'C', 16, 'C-16'),
(557, 1, 6, 'C', 17, 'C-17'),
(558, 1, 6, 'C', 18, 'C-18'),
(559, 1, 6, 'C', 19, 'C-19'),
(560, 1, 6, 'C', 20, 'C-20'),
(561, 1, 6, 'C', 21, 'C-21'),
(562, 1, 6, 'C', 22, 'C-22'),
(563, 1, 6, 'C', 23, 'C-23'),
(564, 1, 6, 'C', 24, 'C-24'),
(565, 1, 6, 'C', 25, 'C-25'),
(566, 1, 6, 'C', 26, 'C-26'),
(567, 1, 6, 'C', 27, 'C-27'),
(568, 1, 6, 'C', 28, 'C-28'),
(569, 1, 6, 'C', 29, 'C-29'),
(570, 1, 6, 'C', 30, 'C-30'),
(571, 1, 6, 'C', 31, 'C-31'),
(572, 1, 6, 'C', 32, 'C-32'),
(573, 1, 6, 'C', 33, 'C-33'),
(574, 1, 6, 'C', 34, 'C-34'),
(575, 1, 6, 'C', 35, 'C-35'),
(576, 1, 6, 'C', 36, 'C-36'),
(577, 1, 6, 'C', 37, 'C-37'),
(578, 1, 6, 'C', 38, 'C-38'),
(579, 1, 6, 'C', 39, 'C-39'),
(580, 1, 6, 'C', 40, 'C-40'),
(581, 1, 6, 'C', 41, 'C-41'),
(582, 1, 6, 'C', 42, 'C-42'),
(583, 1, 6, 'C', 43, 'C-43'),
(584, 1, 6, 'C', 44, 'C-44'),
(585, 1, 6, 'C', 45, 'C-45'),
(586, 1, 6, 'C', 46, 'C-46'),
(587, 1, 6, 'C', 47, 'C-47'),
(588, 1, 6, 'C', 48, 'C-48'),
(589, 1, 6, 'C', 49, 'C-49'),
(590, 1, 6, 'C', 50, 'C-50'),
(591, 1, 6, 'D', 1, 'D-1'),
(592, 1, 6, 'D', 2, 'D-2'),
(593, 1, 6, 'D', 3, 'D-3'),
(594, 1, 6, 'D', 4, 'D-4'),
(595, 1, 6, 'D', 5, 'D-5'),
(596, 1, 6, 'D', 6, 'D-6'),
(597, 1, 6, 'D', 7, 'D-7'),
(598, 1, 6, 'D', 8, 'D-8'),
(599, 1, 6, 'D', 9, 'D-9'),
(600, 1, 6, 'D', 10, 'D-10'),
(601, 1, 6, 'D', 11, 'D-11'),
(602, 1, 6, 'D', 12, 'D-12'),
(603, 1, 6, 'D', 13, 'D-13'),
(604, 1, 6, 'D', 14, 'D-14'),
(605, 1, 6, 'D', 15, 'D-15'),
(606, 1, 6, 'D', 16, 'D-16'),
(607, 1, 6, 'D', 17, 'D-17'),
(608, 1, 6, 'D', 18, 'D-18'),
(609, 1, 6, 'D', 19, 'D-19'),
(610, 1, 6, 'D', 20, 'D-20'),
(611, 1, 6, 'D', 21, 'D-21'),
(612, 1, 6, 'D', 22, 'D-22'),
(613, 1, 6, 'D', 23, 'D-23'),
(614, 1, 6, 'D', 24, 'D-24'),
(615, 1, 6, 'D', 25, 'D-25'),
(616, 1, 6, 'D', 26, 'D-26'),
(617, 1, 6, 'D', 27, 'D-27'),
(618, 1, 6, 'D', 28, 'D-28'),
(619, 1, 6, 'D', 29, 'D-29'),
(620, 1, 6, 'D', 30, 'D-30'),
(621, 1, 6, 'D', 31, 'D-31'),
(622, 1, 6, 'D', 32, 'D-32'),
(623, 1, 6, 'D', 33, 'D-33'),
(624, 1, 6, 'D', 34, 'D-34'),
(625, 1, 6, 'D', 35, 'D-35'),
(626, 1, 6, 'D', 36, 'D-36'),
(627, 1, 6, 'D', 37, 'D-37'),
(628, 1, 6, 'D', 38, 'D-38'),
(629, 1, 6, 'D', 39, 'D-39'),
(630, 1, 6, 'D', 40, 'D-40'),
(631, 1, 6, 'D', 41, 'D-41'),
(632, 1, 6, 'D', 42, 'D-42'),
(633, 1, 6, 'D', 43, 'D-43'),
(634, 1, 6, 'D', 44, 'D-44'),
(635, 1, 6, 'D', 45, 'D-45'),
(636, 1, 6, 'D', 46, 'D-46'),
(637, 1, 6, 'D', 47, 'D-47'),
(638, 1, 6, 'D', 48, 'D-48'),
(639, 1, 6, 'D', 49, 'D-49'),
(640, 1, 6, 'D', 50, 'D-50'),
(641, 1, 6, 'E', 1, 'E-1'),
(642, 1, 6, 'E', 2, 'E-2'),
(643, 1, 6, 'E', 3, 'E-3'),
(644, 1, 6, 'E', 4, 'E-4'),
(645, 1, 6, 'E', 5, 'E-5'),
(646, 1, 6, 'E', 6, 'E-6'),
(647, 1, 6, 'E', 7, 'E-7'),
(648, 1, 6, 'E', 8, 'E-8'),
(649, 1, 6, 'E', 9, 'E-9'),
(650, 1, 6, 'E', 10, 'E-10'),
(651, 1, 6, 'E', 11, 'E-11'),
(652, 1, 6, 'E', 12, 'E-12'),
(653, 1, 6, 'E', 13, 'E-13'),
(654, 1, 6, 'E', 14, 'E-14'),
(655, 1, 6, 'E', 15, 'E-15'),
(656, 1, 6, 'E', 16, 'E-16'),
(657, 1, 6, 'E', 17, 'E-17'),
(658, 1, 6, 'E', 18, 'E-18'),
(659, 1, 6, 'E', 19, 'E-19'),
(660, 1, 6, 'E', 20, 'E-20'),
(661, 1, 6, 'E', 21, 'E-21'),
(662, 1, 6, 'E', 22, 'E-22'),
(663, 1, 6, 'E', 23, 'E-23'),
(664, 1, 6, 'E', 24, 'E-24'),
(665, 1, 6, 'E', 25, 'E-25'),
(666, 1, 6, 'E', 26, 'E-26'),
(667, 1, 6, 'E', 27, 'E-27'),
(668, 1, 6, 'E', 28, 'E-28'),
(669, 1, 6, 'E', 29, 'E-29'),
(670, 1, 6, 'E', 30, 'E-30'),
(671, 1, 6, 'E', 31, 'E-31'),
(672, 1, 6, 'E', 32, 'E-32'),
(673, 1, 6, 'E', 33, 'E-33'),
(674, 1, 6, 'E', 34, 'E-34'),
(675, 1, 6, 'E', 35, 'E-35'),
(676, 1, 6, 'E', 36, 'E-36'),
(677, 1, 6, 'E', 37, 'E-37'),
(678, 1, 6, 'E', 38, 'E-38'),
(679, 1, 6, 'E', 39, 'E-39'),
(680, 1, 6, 'E', 40, 'E-40'),
(681, 1, 6, 'E', 41, 'E-41'),
(682, 1, 6, 'E', 42, 'E-42'),
(683, 1, 6, 'E', 43, 'E-43'),
(684, 1, 6, 'E', 44, 'E-44'),
(685, 1, 6, 'E', 45, 'E-45'),
(686, 1, 6, 'E', 46, 'E-46'),
(687, 1, 6, 'E', 47, 'E-47'),
(688, 1, 6, 'E', 48, 'E-48'),
(689, 1, 6, 'E', 49, 'E-49'),
(690, 1, 6, 'E', 50, 'E-50'),
(691, 1, 6, 'F', 1, 'F-1'),
(692, 1, 6, 'F', 2, 'F-2'),
(693, 1, 6, 'F', 3, 'F-3'),
(694, 1, 6, 'F', 4, 'F-4'),
(695, 1, 6, 'F', 5, 'F-5'),
(696, 1, 6, 'F', 6, 'F-6'),
(697, 1, 6, 'F', 7, 'F-7'),
(698, 1, 6, 'F', 8, 'F-8'),
(699, 1, 6, 'F', 9, 'F-9'),
(700, 1, 6, 'F', 10, 'F-10'),
(701, 1, 6, 'F', 11, 'F-11'),
(702, 1, 6, 'F', 12, 'F-12'),
(703, 1, 6, 'F', 13, 'F-13'),
(704, 1, 6, 'F', 14, 'F-14'),
(705, 1, 6, 'F', 15, 'F-15'),
(706, 1, 6, 'F', 16, 'F-16'),
(707, 1, 6, 'F', 17, 'F-17'),
(708, 1, 6, 'F', 18, 'F-18'),
(709, 1, 6, 'F', 19, 'F-19'),
(710, 1, 6, 'F', 20, 'F-20'),
(711, 1, 6, 'F', 21, 'F-21'),
(712, 1, 6, 'F', 22, 'F-22'),
(713, 1, 6, 'F', 23, 'F-23'),
(714, 1, 6, 'F', 24, 'F-24'),
(715, 1, 6, 'F', 25, 'F-25'),
(716, 1, 6, 'F', 26, 'F-26'),
(717, 1, 6, 'F', 27, 'F-27'),
(718, 1, 6, 'F', 28, 'F-28'),
(719, 1, 6, 'F', 29, 'F-29'),
(720, 1, 6, 'F', 30, 'F-30'),
(721, 1, 6, 'F', 31, 'F-31'),
(722, 1, 6, 'F', 32, 'F-32'),
(723, 1, 6, 'F', 33, 'F-33'),
(724, 1, 6, 'F', 34, 'F-34'),
(725, 1, 6, 'F', 35, 'F-35'),
(726, 1, 6, 'F', 36, 'F-36'),
(727, 1, 6, 'F', 37, 'F-37'),
(728, 1, 6, 'F', 38, 'F-38'),
(729, 1, 6, 'F', 39, 'F-39'),
(730, 1, 6, 'F', 40, 'F-40'),
(731, 1, 6, 'F', 41, 'F-41'),
(732, 1, 6, 'F', 42, 'F-42'),
(733, 1, 6, 'F', 43, 'F-43'),
(734, 1, 6, 'F', 44, 'F-44'),
(735, 1, 6, 'F', 45, 'F-45'),
(736, 1, 6, 'F', 46, 'F-46'),
(737, 1, 6, 'F', 47, 'F-47'),
(738, 1, 6, 'F', 48, 'F-48'),
(739, 1, 6, 'F', 49, 'F-49'),
(740, 1, 6, 'F', 50, 'F-50'),
(741, 1, 6, 'G', 1, 'G-1'),
(742, 1, 6, 'G', 2, 'G-2'),
(743, 1, 6, 'G', 3, 'G-3'),
(744, 1, 6, 'G', 4, 'G-4'),
(745, 1, 6, 'G', 5, 'G-5'),
(746, 1, 6, 'G', 6, 'G-6'),
(747, 1, 6, 'G', 7, 'G-7'),
(748, 1, 6, 'G', 8, 'G-8'),
(749, 1, 6, 'G', 9, 'G-9'),
(750, 1, 6, 'G', 10, 'G-10'),
(751, 1, 6, 'G', 11, 'G-11'),
(752, 1, 6, 'G', 12, 'G-12'),
(753, 1, 6, 'G', 13, 'G-13'),
(754, 1, 6, 'G', 14, 'G-14'),
(755, 1, 6, 'G', 15, 'G-15'),
(756, 1, 6, 'G', 16, 'G-16'),
(757, 1, 6, 'G', 17, 'G-17'),
(758, 1, 6, 'G', 18, 'G-18'),
(759, 1, 6, 'G', 19, 'G-19'),
(760, 1, 6, 'G', 20, 'G-20'),
(761, 1, 6, 'G', 21, 'G-21'),
(762, 1, 6, 'G', 22, 'G-22'),
(763, 1, 6, 'G', 23, 'G-23'),
(764, 1, 6, 'G', 24, 'G-24'),
(765, 1, 6, 'G', 25, 'G-25'),
(766, 1, 6, 'G', 26, 'G-26'),
(767, 1, 6, 'G', 27, 'G-27'),
(768, 1, 6, 'G', 28, 'G-28'),
(769, 1, 6, 'G', 29, 'G-29'),
(770, 1, 6, 'G', 30, 'G-30'),
(771, 1, 6, 'G', 31, 'G-31'),
(772, 1, 6, 'G', 32, 'G-32'),
(773, 1, 6, 'G', 33, 'G-33'),
(774, 1, 6, 'G', 34, 'G-34'),
(775, 1, 6, 'G', 35, 'G-35'),
(776, 1, 6, 'G', 36, 'G-36'),
(777, 1, 6, 'G', 37, 'G-37'),
(778, 1, 6, 'G', 38, 'G-38'),
(779, 1, 6, 'G', 39, 'G-39'),
(780, 1, 6, 'G', 40, 'G-40'),
(781, 1, 6, 'G', 41, 'G-41'),
(782, 1, 6, 'G', 42, 'G-42'),
(783, 1, 6, 'G', 43, 'G-43'),
(784, 1, 6, 'G', 44, 'G-44'),
(785, 1, 6, 'G', 45, 'G-45'),
(786, 1, 6, 'G', 46, 'G-46'),
(787, 1, 6, 'G', 47, 'G-47'),
(788, 1, 6, 'G', 48, 'G-48'),
(789, 1, 6, 'G', 49, 'G-49'),
(790, 1, 6, 'G', 50, 'G-50'),
(791, 1, 6, 'H', 1, 'H-1'),
(792, 1, 6, 'H', 2, 'H-2'),
(793, 1, 6, 'H', 3, 'H-3'),
(794, 1, 6, 'H', 4, 'H-4'),
(795, 1, 6, 'H', 5, 'H-5'),
(796, 1, 6, 'H', 6, 'H-6'),
(797, 1, 6, 'H', 7, 'H-7'),
(798, 1, 6, 'H', 8, 'H-8'),
(799, 1, 6, 'H', 9, 'H-9'),
(800, 1, 6, 'H', 10, 'H-10'),
(801, 1, 6, 'H', 11, 'H-11'),
(802, 1, 6, 'H', 12, 'H-12'),
(803, 1, 6, 'H', 13, 'H-13'),
(804, 1, 6, 'H', 14, 'H-14'),
(805, 1, 6, 'H', 15, 'H-15'),
(806, 1, 6, 'H', 16, 'H-16'),
(807, 1, 6, 'H', 17, 'H-17'),
(808, 1, 6, 'H', 18, 'H-18'),
(809, 1, 6, 'H', 19, 'H-19'),
(810, 1, 6, 'H', 20, 'H-20'),
(811, 1, 6, 'H', 21, 'H-21'),
(812, 1, 6, 'H', 22, 'H-22'),
(813, 1, 6, 'H', 23, 'H-23'),
(814, 1, 6, 'H', 24, 'H-24'),
(815, 1, 6, 'H', 25, 'H-25'),
(816, 1, 6, 'H', 26, 'H-26'),
(817, 1, 6, 'H', 27, 'H-27'),
(818, 1, 6, 'H', 28, 'H-28'),
(819, 1, 6, 'H', 29, 'H-29'),
(820, 1, 6, 'H', 30, 'H-30'),
(821, 1, 6, 'H', 31, 'H-31'),
(822, 1, 6, 'H', 32, 'H-32'),
(823, 1, 6, 'H', 33, 'H-33'),
(824, 1, 6, 'H', 34, 'H-34'),
(825, 1, 6, 'H', 35, 'H-35'),
(826, 1, 6, 'H', 36, 'H-36'),
(827, 1, 6, 'H', 37, 'H-37'),
(828, 1, 6, 'H', 38, 'H-38'),
(829, 1, 6, 'H', 39, 'H-39'),
(830, 1, 6, 'H', 40, 'H-40'),
(831, 1, 6, 'H', 41, 'H-41'),
(832, 1, 6, 'H', 42, 'H-42'),
(833, 1, 6, 'H', 43, 'H-43'),
(834, 1, 6, 'H', 44, 'H-44'),
(835, 1, 6, 'H', 45, 'H-45'),
(836, 1, 6, 'H', 46, 'H-46'),
(837, 1, 6, 'H', 47, 'H-47'),
(838, 1, 6, 'H', 48, 'H-48'),
(839, 1, 6, 'H', 49, 'H-49'),
(840, 1, 6, 'H', 50, 'H-50'),
(841, 1, 7, 'A', 1, 'A-1'),
(842, 1, 7, 'A', 2, 'A-2'),
(843, 1, 7, 'A', 3, 'A-3'),
(844, 1, 7, 'A', 4, 'A-4'),
(845, 1, 7, 'A', 5, 'A-5'),
(846, 1, 7, 'A', 6, 'A-6'),
(847, 1, 7, 'A', 7, 'A-7'),
(848, 1, 7, 'A', 8, 'A-8'),
(849, 1, 7, 'A', 9, 'A-9'),
(850, 1, 7, 'A', 10, 'A-10'),
(851, 1, 7, 'A', 11, 'A-11'),
(852, 1, 7, 'A', 12, 'A-12'),
(853, 1, 7, 'A', 13, 'A-13'),
(854, 1, 7, 'A', 14, 'A-14'),
(855, 1, 7, 'A', 15, 'A-15'),
(856, 1, 7, 'A', 16, 'A-16'),
(857, 1, 7, 'A', 17, 'A-17'),
(858, 1, 7, 'A', 18, 'A-18'),
(859, 1, 7, 'A', 19, 'A-19'),
(860, 1, 7, 'A', 20, 'A-20'),
(861, 1, 7, 'A', 21, 'A-21'),
(862, 1, 7, 'A', 22, 'A-22'),
(863, 1, 7, 'A', 23, 'A-23'),
(864, 1, 7, 'A', 24, 'A-24'),
(865, 1, 7, 'A', 25, 'A-25'),
(866, 1, 7, 'A', 26, 'A-26'),
(867, 1, 7, 'A', 27, 'A-27'),
(868, 1, 7, 'A', 28, 'A-28'),
(869, 1, 7, 'A', 29, 'A-29'),
(870, 1, 7, 'A', 30, 'A-30'),
(871, 1, 7, 'B', 1, 'B-1'),
(872, 1, 7, 'B', 2, 'B-2'),
(873, 1, 7, 'B', 3, 'B-3'),
(874, 1, 7, 'B', 4, 'B-4'),
(875, 1, 7, 'B', 5, 'B-5'),
(876, 1, 7, 'B', 6, 'B-6'),
(877, 1, 7, 'B', 7, 'B-7'),
(878, 1, 7, 'B', 8, 'B-8'),
(879, 1, 7, 'B', 9, 'B-9'),
(880, 1, 7, 'B', 10, 'B-10'),
(881, 1, 7, 'B', 11, 'B-11'),
(882, 1, 7, 'B', 12, 'B-12'),
(883, 1, 7, 'B', 13, 'B-13'),
(884, 1, 7, 'B', 14, 'B-14'),
(885, 1, 7, 'B', 15, 'B-15'),
(886, 1, 7, 'B', 16, 'B-16'),
(887, 1, 7, 'B', 17, 'B-17'),
(888, 1, 7, 'B', 18, 'B-18'),
(889, 1, 7, 'B', 19, 'B-19'),
(890, 1, 7, 'B', 20, 'B-20'),
(891, 1, 7, 'B', 21, 'B-21'),
(892, 1, 7, 'B', 22, 'B-22'),
(893, 1, 7, 'B', 23, 'B-23'),
(894, 1, 7, 'B', 24, 'B-24'),
(895, 1, 7, 'B', 25, 'B-25'),
(896, 1, 7, 'B', 26, 'B-26'),
(897, 1, 7, 'B', 27, 'B-27'),
(898, 1, 7, 'B', 28, 'B-28'),
(899, 1, 7, 'B', 29, 'B-29'),
(900, 1, 7, 'B', 30, 'B-30'),
(901, 1, 7, 'C', 1, 'C-1'),
(902, 1, 7, 'C', 2, 'C-2'),
(903, 1, 7, 'C', 3, 'C-3'),
(904, 1, 7, 'C', 4, 'C-4'),
(905, 1, 7, 'C', 5, 'C-5'),
(906, 1, 7, 'C', 6, 'C-6'),
(907, 1, 7, 'C', 7, 'C-7'),
(908, 1, 7, 'C', 8, 'C-8'),
(909, 1, 7, 'C', 9, 'C-9'),
(910, 1, 7, 'C', 10, 'C-10'),
(911, 1, 7, 'C', 11, 'C-11'),
(912, 1, 7, 'C', 12, 'C-12'),
(913, 1, 7, 'C', 13, 'C-13'),
(914, 1, 7, 'C', 14, 'C-14'),
(915, 1, 7, 'C', 15, 'C-15'),
(916, 1, 7, 'C', 16, 'C-16'),
(917, 1, 7, 'C', 17, 'C-17'),
(918, 1, 7, 'C', 18, 'C-18'),
(919, 1, 7, 'C', 19, 'C-19'),
(920, 1, 7, 'C', 20, 'C-20'),
(921, 1, 7, 'C', 21, 'C-21'),
(922, 1, 7, 'C', 22, 'C-22'),
(923, 1, 7, 'C', 23, 'C-23'),
(924, 1, 7, 'C', 24, 'C-24'),
(925, 1, 7, 'C', 25, 'C-25'),
(926, 1, 7, 'C', 26, 'C-26'),
(927, 1, 7, 'C', 27, 'C-27'),
(928, 1, 7, 'C', 28, 'C-28'),
(929, 1, 7, 'C', 29, 'C-29'),
(930, 1, 7, 'C', 30, 'C-30'),
(931, 1, 7, 'D', 1, 'D-1'),
(932, 1, 7, 'D', 2, 'D-2'),
(933, 1, 7, 'D', 3, 'D-3'),
(934, 1, 7, 'D', 4, 'D-4'),
(935, 1, 7, 'D', 5, 'D-5'),
(936, 1, 7, 'D', 6, 'D-6'),
(937, 1, 7, 'D', 7, 'D-7'),
(938, 1, 7, 'D', 8, 'D-8'),
(939, 1, 7, 'D', 9, 'D-9'),
(940, 1, 7, 'D', 10, 'D-10'),
(941, 1, 7, 'D', 11, 'D-11'),
(942, 1, 7, 'D', 12, 'D-12'),
(943, 1, 7, 'D', 13, 'D-13'),
(944, 1, 7, 'D', 14, 'D-14'),
(945, 1, 7, 'D', 15, 'D-15'),
(946, 1, 7, 'D', 16, 'D-16'),
(947, 1, 7, 'D', 17, 'D-17'),
(948, 1, 7, 'D', 18, 'D-18'),
(949, 1, 7, 'D', 19, 'D-19'),
(950, 1, 7, 'D', 20, 'D-20'),
(951, 1, 7, 'D', 21, 'D-21'),
(952, 1, 7, 'D', 22, 'D-22'),
(953, 1, 7, 'D', 23, 'D-23'),
(954, 1, 7, 'D', 24, 'D-24'),
(955, 1, 7, 'D', 25, 'D-25'),
(956, 1, 7, 'D', 26, 'D-26'),
(957, 1, 7, 'D', 27, 'D-27'),
(958, 1, 7, 'D', 28, 'D-28'),
(959, 1, 7, 'D', 29, 'D-29'),
(960, 1, 7, 'D', 30, 'D-30'),
(961, 1, 7, 'E', 1, 'E-1'),
(962, 1, 7, 'E', 2, 'E-2'),
(963, 1, 7, 'E', 3, 'E-3'),
(964, 1, 7, 'E', 4, 'E-4'),
(965, 1, 7, 'E', 5, 'E-5'),
(966, 1, 7, 'E', 6, 'E-6'),
(967, 1, 7, 'E', 7, 'E-7'),
(968, 1, 7, 'E', 8, 'E-8'),
(969, 1, 7, 'E', 9, 'E-9'),
(970, 1, 7, 'E', 10, 'E-10'),
(971, 1, 7, 'E', 11, 'E-11'),
(972, 1, 7, 'E', 12, 'E-12'),
(973, 1, 7, 'E', 13, 'E-13'),
(974, 1, 7, 'E', 14, 'E-14'),
(975, 1, 7, 'E', 15, 'E-15'),
(976, 1, 7, 'E', 16, 'E-16'),
(977, 1, 7, 'E', 17, 'E-17'),
(978, 1, 7, 'E', 18, 'E-18'),
(979, 1, 7, 'E', 19, 'E-19'),
(980, 1, 7, 'E', 20, 'E-20'),
(981, 1, 7, 'E', 21, 'E-21'),
(982, 1, 7, 'E', 22, 'E-22'),
(983, 1, 7, 'E', 23, 'E-23'),
(984, 1, 7, 'E', 24, 'E-24'),
(985, 1, 7, 'E', 25, 'E-25'),
(986, 1, 7, 'E', 26, 'E-26'),
(987, 1, 7, 'E', 27, 'E-27'),
(988, 1, 7, 'E', 28, 'E-28'),
(989, 1, 7, 'E', 29, 'E-29'),
(990, 1, 7, 'E', 30, 'E-30'),
(991, 1, 7, 'F', 1, 'F-1'),
(992, 1, 7, 'F', 2, 'F-2'),
(993, 1, 7, 'F', 3, 'F-3'),
(994, 1, 7, 'F', 4, 'F-4'),
(995, 1, 7, 'F', 5, 'F-5'),
(996, 1, 7, 'F', 6, 'F-6'),
(997, 1, 7, 'F', 7, 'F-7'),
(998, 1, 7, 'F', 8, 'F-8'),
(999, 1, 7, 'F', 9, 'F-9'),
(1000, 1, 7, 'F', 10, 'F-10'),
(1001, 1, 7, 'F', 11, 'F-11'),
(1002, 1, 7, 'F', 12, 'F-12'),
(1003, 1, 7, 'F', 13, 'F-13'),
(1004, 1, 7, 'F', 14, 'F-14'),
(1005, 1, 7, 'F', 15, 'F-15'),
(1006, 1, 7, 'F', 16, 'F-16'),
(1007, 1, 7, 'F', 17, 'F-17'),
(1008, 1, 7, 'F', 18, 'F-18'),
(1009, 1, 7, 'F', 19, 'F-19'),
(1010, 1, 7, 'F', 20, 'F-20'),
(1011, 1, 7, 'F', 21, 'F-21'),
(1012, 1, 7, 'F', 22, 'F-22'),
(1013, 1, 7, 'F', 23, 'F-23'),
(1014, 1, 7, 'F', 24, 'F-24'),
(1015, 1, 7, 'F', 25, 'F-25'),
(1016, 1, 7, 'F', 26, 'F-26'),
(1017, 1, 7, 'F', 27, 'F-27'),
(1018, 1, 7, 'F', 28, 'F-28'),
(1019, 1, 7, 'F', 29, 'F-29'),
(1020, 1, 7, 'F', 30, 'F-30'),
(1021, 1, 7, 'G', 1, 'G-1'),
(1022, 1, 7, 'G', 2, 'G-2'),
(1023, 1, 7, 'G', 3, 'G-3'),
(1024, 1, 7, 'G', 4, 'G-4'),
(1025, 1, 7, 'G', 5, 'G-5'),
(1026, 1, 7, 'G', 6, 'G-6'),
(1027, 1, 7, 'G', 7, 'G-7'),
(1028, 1, 7, 'G', 8, 'G-8'),
(1029, 1, 7, 'G', 9, 'G-9'),
(1030, 1, 7, 'G', 10, 'G-10'),
(1031, 1, 7, 'G', 11, 'G-11'),
(1032, 1, 7, 'G', 12, 'G-12'),
(1033, 1, 7, 'G', 13, 'G-13'),
(1034, 1, 7, 'G', 14, 'G-14'),
(1035, 1, 7, 'G', 15, 'G-15'),
(1036, 1, 7, 'G', 16, 'G-16'),
(1037, 1, 7, 'G', 17, 'G-17'),
(1038, 1, 7, 'G', 18, 'G-18'),
(1039, 1, 7, 'G', 19, 'G-19'),
(1040, 1, 7, 'G', 20, 'G-20'),
(1041, 1, 7, 'G', 21, 'G-21'),
(1042, 1, 7, 'G', 22, 'G-22'),
(1043, 1, 7, 'G', 23, 'G-23'),
(1044, 1, 7, 'G', 24, 'G-24'),
(1045, 1, 7, 'G', 25, 'G-25'),
(1046, 1, 7, 'G', 26, 'G-26'),
(1047, 1, 7, 'G', 27, 'G-27'),
(1048, 1, 7, 'G', 28, 'G-28'),
(1049, 1, 7, 'G', 29, 'G-29'),
(1050, 1, 7, 'G', 30, 'G-30'),
(1051, 1, 8, 'A', 1, 'A-1'),
(1052, 1, 8, 'A', 2, 'A-2'),
(1053, 1, 8, 'A', 3, 'A-3'),
(1054, 1, 8, 'A', 4, 'A-4'),
(1055, 1, 8, 'A', 5, 'A-5'),
(1056, 1, 8, 'A', 6, 'A-6'),
(1057, 1, 8, 'A', 7, 'A-7'),
(1058, 1, 8, 'A', 8, 'A-8'),
(1059, 1, 8, 'A', 9, 'A-9'),
(1060, 1, 8, 'A', 10, 'A-10'),
(1061, 1, 8, 'A', 11, 'A-11'),
(1062, 1, 8, 'A', 12, 'A-12'),
(1063, 1, 8, 'A', 13, 'A-13'),
(1064, 1, 8, 'A', 14, 'A-14'),
(1065, 1, 8, 'A', 15, 'A-15'),
(1066, 1, 8, 'A', 16, 'A-16'),
(1067, 1, 8, 'A', 17, 'A-17'),
(1068, 1, 8, 'A', 18, 'A-18'),
(1069, 1, 8, 'A', 19, 'A-19'),
(1070, 1, 8, 'A', 20, 'A-20'),
(1071, 1, 8, 'A', 21, 'A-21'),
(1072, 1, 8, 'A', 22, 'A-22'),
(1073, 1, 8, 'A', 23, 'A-23'),
(1074, 1, 8, 'A', 24, 'A-24'),
(1075, 1, 8, 'A', 25, 'A-25'),
(1076, 1, 8, 'A', 26, 'A-26'),
(1077, 1, 8, 'A', 27, 'A-27'),
(1078, 1, 8, 'A', 28, 'A-28'),
(1079, 1, 8, 'A', 29, 'A-29'),
(1080, 1, 8, 'A', 30, 'A-30'),
(1081, 1, 8, 'A', 31, 'A-31'),
(1082, 1, 8, 'A', 32, 'A-32'),
(1083, 1, 8, 'A', 33, 'A-33'),
(1084, 1, 8, 'A', 34, 'A-34'),
(1085, 1, 8, 'A', 35, 'A-35'),
(1086, 1, 8, 'B', 1, 'B-1'),
(1087, 1, 8, 'B', 2, 'B-2'),
(1088, 1, 8, 'B', 3, 'B-3'),
(1089, 1, 8, 'B', 4, 'B-4'),
(1090, 1, 8, 'B', 5, 'B-5'),
(1091, 1, 8, 'B', 6, 'B-6'),
(1092, 1, 8, 'B', 7, 'B-7'),
(1093, 1, 8, 'B', 8, 'B-8'),
(1094, 1, 8, 'B', 9, 'B-9'),
(1095, 1, 8, 'B', 10, 'B-10'),
(1096, 1, 8, 'B', 11, 'B-11'),
(1097, 1, 8, 'B', 12, 'B-12'),
(1098, 1, 8, 'B', 13, 'B-13'),
(1099, 1, 8, 'B', 14, 'B-14'),
(1100, 1, 8, 'B', 15, 'B-15'),
(1101, 1, 8, 'B', 16, 'B-16'),
(1102, 1, 8, 'B', 17, 'B-17'),
(1103, 1, 8, 'B', 18, 'B-18'),
(1104, 1, 8, 'B', 19, 'B-19'),
(1105, 1, 8, 'B', 20, 'B-20'),
(1106, 1, 8, 'B', 21, 'B-21'),
(1107, 1, 8, 'B', 22, 'B-22'),
(1108, 1, 8, 'B', 23, 'B-23'),
(1109, 1, 8, 'B', 24, 'B-24'),
(1110, 1, 8, 'B', 25, 'B-25'),
(1111, 1, 8, 'B', 26, 'B-26'),
(1112, 1, 8, 'B', 27, 'B-27'),
(1113, 1, 8, 'B', 28, 'B-28'),
(1114, 1, 8, 'B', 29, 'B-29'),
(1115, 1, 8, 'B', 30, 'B-30'),
(1116, 1, 8, 'B', 31, 'B-31'),
(1117, 1, 8, 'B', 32, 'B-32'),
(1118, 1, 8, 'B', 33, 'B-33'),
(1119, 1, 8, 'B', 34, 'B-34'),
(1120, 1, 8, 'B', 35, 'B-35'),
(1121, 1, 8, 'C', 1, 'C-1'),
(1122, 1, 8, 'C', 2, 'C-2'),
(1123, 1, 8, 'C', 3, 'C-3'),
(1124, 1, 8, 'C', 4, 'C-4'),
(1125, 1, 8, 'C', 5, 'C-5'),
(1126, 1, 8, 'C', 6, 'C-6'),
(1127, 1, 8, 'C', 7, 'C-7'),
(1128, 1, 8, 'C', 8, 'C-8'),
(1129, 1, 8, 'C', 9, 'C-9'),
(1130, 1, 8, 'C', 10, 'C-10'),
(1131, 1, 8, 'C', 11, 'C-11'),
(1132, 1, 8, 'C', 12, 'C-12'),
(1133, 1, 8, 'C', 13, 'C-13'),
(1134, 1, 8, 'C', 14, 'C-14'),
(1135, 1, 8, 'C', 15, 'C-15'),
(1136, 1, 8, 'C', 16, 'C-16'),
(1137, 1, 8, 'C', 17, 'C-17'),
(1138, 1, 8, 'C', 18, 'C-18'),
(1139, 1, 8, 'C', 19, 'C-19'),
(1140, 1, 8, 'C', 20, 'C-20'),
(1141, 1, 8, 'C', 21, 'C-21'),
(1142, 1, 8, 'C', 22, 'C-22'),
(1143, 1, 8, 'C', 23, 'C-23'),
(1144, 1, 8, 'C', 24, 'C-24'),
(1145, 1, 8, 'C', 25, 'C-25'),
(1146, 1, 8, 'C', 26, 'C-26'),
(1147, 1, 8, 'C', 27, 'C-27'),
(1148, 1, 8, 'C', 28, 'C-28'),
(1149, 1, 8, 'C', 29, 'C-29'),
(1150, 1, 8, 'C', 30, 'C-30'),
(1151, 1, 8, 'C', 31, 'C-31'),
(1152, 1, 8, 'C', 32, 'C-32'),
(1153, 1, 8, 'C', 33, 'C-33'),
(1154, 1, 8, 'C', 34, 'C-34'),
(1155, 1, 8, 'C', 35, 'C-35'),
(1156, 1, 8, 'D', 1, 'D-1'),
(1157, 1, 8, 'D', 2, 'D-2'),
(1158, 1, 8, 'D', 3, 'D-3'),
(1159, 1, 8, 'D', 4, 'D-4'),
(1160, 1, 8, 'D', 5, 'D-5'),
(1161, 1, 8, 'D', 6, 'D-6'),
(1162, 1, 8, 'D', 7, 'D-7'),
(1163, 1, 8, 'D', 8, 'D-8'),
(1164, 1, 8, 'D', 9, 'D-9'),
(1165, 1, 8, 'D', 10, 'D-10'),
(1166, 1, 8, 'D', 11, 'D-11'),
(1167, 1, 8, 'D', 12, 'D-12'),
(1168, 1, 8, 'D', 13, 'D-13'),
(1169, 1, 8, 'D', 14, 'D-14'),
(1170, 1, 8, 'D', 15, 'D-15'),
(1171, 1, 8, 'D', 16, 'D-16'),
(1172, 1, 8, 'D', 17, 'D-17'),
(1173, 1, 8, 'D', 18, 'D-18'),
(1174, 1, 8, 'D', 19, 'D-19'),
(1175, 1, 8, 'D', 20, 'D-20'),
(1176, 1, 8, 'D', 21, 'D-21'),
(1177, 1, 8, 'D', 22, 'D-22'),
(1178, 1, 8, 'D', 23, 'D-23'),
(1179, 1, 8, 'D', 24, 'D-24'),
(1180, 1, 8, 'D', 25, 'D-25'),
(1181, 1, 8, 'D', 26, 'D-26'),
(1182, 1, 8, 'D', 27, 'D-27'),
(1183, 1, 8, 'D', 28, 'D-28'),
(1184, 1, 8, 'D', 29, 'D-29'),
(1185, 1, 8, 'D', 30, 'D-30'),
(1186, 1, 8, 'D', 31, 'D-31'),
(1187, 1, 8, 'D', 32, 'D-32'),
(1188, 1, 8, 'D', 33, 'D-33'),
(1189, 1, 8, 'D', 34, 'D-34'),
(1190, 1, 8, 'D', 35, 'D-35'),
(1191, 1, 8, 'E', 1, 'E-1'),
(1192, 1, 8, 'E', 2, 'E-2'),
(1193, 1, 8, 'E', 3, 'E-3'),
(1194, 1, 8, 'E', 4, 'E-4'),
(1195, 1, 8, 'E', 5, 'E-5'),
(1196, 1, 8, 'E', 6, 'E-6'),
(1197, 1, 8, 'E', 7, 'E-7'),
(1198, 1, 8, 'E', 8, 'E-8'),
(1199, 1, 8, 'E', 9, 'E-9'),
(1200, 1, 8, 'E', 10, 'E-10'),
(1201, 1, 8, 'E', 11, 'E-11'),
(1202, 1, 8, 'E', 12, 'E-12'),
(1203, 1, 8, 'E', 13, 'E-13'),
(1204, 1, 8, 'E', 14, 'E-14'),
(1205, 1, 8, 'E', 15, 'E-15'),
(1206, 1, 8, 'E', 16, 'E-16'),
(1207, 1, 8, 'E', 17, 'E-17'),
(1208, 1, 8, 'E', 18, 'E-18'),
(1209, 1, 8, 'E', 19, 'E-19'),
(1210, 1, 8, 'E', 20, 'E-20'),
(1211, 1, 8, 'E', 21, 'E-21'),
(1212, 1, 8, 'E', 22, 'E-22'),
(1213, 1, 8, 'E', 23, 'E-23'),
(1214, 1, 8, 'E', 24, 'E-24'),
(1215, 1, 8, 'E', 25, 'E-25'),
(1216, 1, 8, 'E', 26, 'E-26'),
(1217, 1, 8, 'E', 27, 'E-27'),
(1218, 1, 8, 'E', 28, 'E-28'),
(1219, 1, 8, 'E', 29, 'E-29'),
(1220, 1, 8, 'E', 30, 'E-30'),
(1221, 1, 8, 'E', 31, 'E-31'),
(1222, 1, 8, 'E', 32, 'E-32'),
(1223, 1, 8, 'E', 33, 'E-33'),
(1224, 1, 8, 'E', 34, 'E-34'),
(1225, 1, 8, 'E', 35, 'E-35'),
(1226, 1, 8, 'F', 1, 'F-1'),
(1227, 1, 8, 'F', 2, 'F-2'),
(1228, 1, 8, 'F', 3, 'F-3'),
(1229, 1, 8, 'F', 4, 'F-4'),
(1230, 1, 8, 'F', 5, 'F-5'),
(1231, 1, 8, 'F', 6, 'F-6'),
(1232, 1, 8, 'F', 7, 'F-7'),
(1233, 1, 8, 'F', 8, 'F-8'),
(1234, 1, 8, 'F', 9, 'F-9'),
(1235, 1, 8, 'F', 10, 'F-10'),
(1236, 1, 8, 'F', 11, 'F-11'),
(1237, 1, 8, 'F', 12, 'F-12'),
(1238, 1, 8, 'F', 13, 'F-13'),
(1239, 1, 8, 'F', 14, 'F-14'),
(1240, 1, 8, 'F', 15, 'F-15'),
(1241, 1, 8, 'F', 16, 'F-16'),
(1242, 1, 8, 'F', 17, 'F-17'),
(1243, 1, 8, 'F', 18, 'F-18'),
(1244, 1, 8, 'F', 19, 'F-19'),
(1245, 1, 8, 'F', 20, 'F-20'),
(1246, 1, 8, 'F', 21, 'F-21'),
(1247, 1, 8, 'F', 22, 'F-22'),
(1248, 1, 8, 'F', 23, 'F-23'),
(1249, 1, 8, 'F', 24, 'F-24'),
(1250, 1, 8, 'F', 25, 'F-25'),
(1251, 1, 8, 'F', 26, 'F-26'),
(1252, 1, 8, 'F', 27, 'F-27'),
(1253, 1, 8, 'F', 28, 'F-28'),
(1254, 1, 8, 'F', 29, 'F-29'),
(1255, 1, 8, 'F', 30, 'F-30'),
(1256, 1, 8, 'F', 31, 'F-31'),
(1257, 1, 8, 'F', 32, 'F-32'),
(1258, 1, 8, 'F', 33, 'F-33'),
(1259, 1, 8, 'F', 34, 'F-34'),
(1260, 1, 8, 'F', 35, 'F-35'),
(1261, 1, 8, 'G', 1, 'G-1'),
(1262, 1, 8, 'G', 2, 'G-2'),
(1263, 1, 8, 'G', 3, 'G-3'),
(1264, 1, 8, 'G', 4, 'G-4'),
(1265, 1, 8, 'G', 5, 'G-5'),
(1266, 1, 8, 'G', 6, 'G-6'),
(1267, 1, 8, 'G', 7, 'G-7'),
(1268, 1, 8, 'G', 8, 'G-8'),
(1269, 1, 8, 'G', 9, 'G-9'),
(1270, 1, 8, 'G', 10, 'G-10'),
(1271, 1, 8, 'G', 11, 'G-11'),
(1272, 1, 8, 'G', 12, 'G-12'),
(1273, 1, 8, 'G', 13, 'G-13'),
(1274, 1, 8, 'G', 14, 'G-14'),
(1275, 1, 8, 'G', 15, 'G-15'),
(1276, 1, 8, 'G', 16, 'G-16'),
(1277, 1, 8, 'G', 17, 'G-17'),
(1278, 1, 8, 'G', 18, 'G-18'),
(1279, 1, 8, 'G', 19, 'G-19'),
(1280, 1, 8, 'G', 20, 'G-20'),
(1281, 1, 8, 'G', 21, 'G-21'),
(1282, 1, 8, 'G', 22, 'G-22'),
(1283, 1, 8, 'G', 23, 'G-23'),
(1284, 1, 8, 'G', 24, 'G-24'),
(1285, 1, 8, 'G', 25, 'G-25'),
(1286, 1, 8, 'G', 26, 'G-26'),
(1287, 1, 8, 'G', 27, 'G-27'),
(1288, 1, 8, 'G', 28, 'G-28'),
(1289, 1, 8, 'G', 29, 'G-29'),
(1290, 1, 8, 'G', 30, 'G-30'),
(1291, 1, 8, 'G', 31, 'G-31'),
(1292, 1, 8, 'G', 32, 'G-32'),
(1293, 1, 8, 'G', 33, 'G-33'),
(1294, 1, 8, 'G', 34, 'G-34'),
(1295, 1, 8, 'G', 35, 'G-35'),
(1296, 1, 8, 'H', 1, 'H-1'),
(1297, 1, 8, 'H', 2, 'H-2'),
(1298, 1, 8, 'H', 3, 'H-3'),
(1299, 1, 8, 'H', 4, 'H-4'),
(1300, 1, 8, 'H', 5, 'H-5'),
(1301, 1, 8, 'H', 6, 'H-6'),
(1302, 1, 8, 'H', 7, 'H-7'),
(1303, 1, 8, 'H', 8, 'H-8'),
(1304, 1, 8, 'H', 9, 'H-9'),
(1305, 1, 8, 'H', 10, 'H-10'),
(1306, 1, 8, 'H', 11, 'H-11'),
(1307, 1, 8, 'H', 12, 'H-12'),
(1308, 1, 8, 'H', 13, 'H-13'),
(1309, 1, 8, 'H', 14, 'H-14'),
(1310, 1, 8, 'H', 15, 'H-15'),
(1311, 1, 8, 'H', 16, 'H-16'),
(1312, 1, 8, 'H', 17, 'H-17'),
(1313, 1, 8, 'H', 18, 'H-18'),
(1314, 1, 8, 'H', 19, 'H-19'),
(1315, 1, 8, 'H', 20, 'H-20'),
(1316, 1, 8, 'H', 21, 'H-21'),
(1317, 1, 8, 'H', 22, 'H-22'),
(1318, 1, 8, 'H', 23, 'H-23'),
(1319, 1, 8, 'H', 24, 'H-24'),
(1320, 1, 8, 'H', 25, 'H-25'),
(1321, 1, 8, 'H', 26, 'H-26'),
(1322, 1, 8, 'H', 27, 'H-27'),
(1323, 1, 8, 'H', 28, 'H-28'),
(1324, 1, 8, 'H', 29, 'H-29'),
(1325, 1, 8, 'H', 30, 'H-30'),
(1326, 1, 8, 'H', 31, 'H-31'),
(1327, 1, 8, 'H', 32, 'H-32'),
(1328, 1, 8, 'H', 33, 'H-33'),
(1329, 1, 8, 'H', 34, 'H-34'),
(1330, 1, 8, 'H', 35, 'H-35'),
(1331, 1, 8, 'I', 1, 'I-1'),
(1332, 1, 8, 'I', 2, 'I-2'),
(1333, 1, 8, 'I', 3, 'I-3'),
(1334, 1, 8, 'I', 4, 'I-4'),
(1335, 1, 8, 'I', 5, 'I-5'),
(1336, 1, 8, 'I', 6, 'I-6'),
(1337, 1, 8, 'I', 7, 'I-7'),
(1338, 1, 8, 'I', 8, 'I-8'),
(1339, 1, 8, 'I', 9, 'I-9'),
(1340, 1, 8, 'I', 10, 'I-10'),
(1341, 1, 8, 'I', 11, 'I-11'),
(1342, 1, 8, 'I', 12, 'I-12'),
(1343, 1, 8, 'I', 13, 'I-13'),
(1344, 1, 8, 'I', 14, 'I-14'),
(1345, 1, 8, 'I', 15, 'I-15'),
(1346, 1, 8, 'I', 16, 'I-16'),
(1347, 1, 8, 'I', 17, 'I-17'),
(1348, 1, 8, 'I', 18, 'I-18'),
(1349, 1, 8, 'I', 19, 'I-19'),
(1350, 1, 8, 'I', 20, 'I-20'),
(1351, 1, 8, 'I', 21, 'I-21'),
(1352, 1, 8, 'I', 22, 'I-22'),
(1353, 1, 8, 'I', 23, 'I-23'),
(1354, 1, 8, 'I', 24, 'I-24'),
(1355, 1, 8, 'I', 25, 'I-25'),
(1356, 1, 8, 'I', 26, 'I-26'),
(1357, 1, 8, 'I', 27, 'I-27'),
(1358, 1, 8, 'I', 28, 'I-28'),
(1359, 1, 8, 'I', 29, 'I-29'),
(1360, 1, 8, 'I', 30, 'I-30'),
(1361, 1, 8, 'I', 31, 'I-31'),
(1362, 1, 8, 'I', 32, 'I-32'),
(1363, 1, 8, 'I', 33, 'I-33'),
(1364, 1, 8, 'I', 34, 'I-34'),
(1365, 1, 8, 'I', 35, 'I-35'),
(1366, 1, 9, 'A', 1, 'A-1'),
(1367, 1, 9, 'A', 2, 'A-2'),
(1368, 1, 9, 'A', 3, 'A-3'),
(1369, 1, 9, 'A', 4, 'A-4'),
(1370, 1, 9, 'A', 5, 'A-5'),
(1371, 1, 9, 'A', 6, 'A-6'),
(1372, 1, 9, 'A', 7, 'A-7'),
(1373, 1, 9, 'A', 8, 'A-8'),
(1374, 1, 9, 'A', 9, 'A-9'),
(1375, 1, 9, 'A', 10, 'A-10'),
(1376, 1, 9, 'A', 11, 'A-11'),
(1377, 1, 9, 'A', 12, 'A-12'),
(1378, 1, 9, 'A', 13, 'A-13'),
(1379, 1, 9, 'A', 14, 'A-14'),
(1380, 1, 9, 'A', 15, 'A-15'),
(1381, 1, 9, 'A', 16, 'A-16'),
(1382, 1, 9, 'A', 17, 'A-17'),
(1383, 1, 9, 'A', 18, 'A-18'),
(1384, 1, 9, 'A', 19, 'A-19'),
(1385, 1, 9, 'A', 20, 'A-20'),
(1386, 1, 9, 'A', 21, 'A-21'),
(1387, 1, 9, 'A', 22, 'A-22'),
(1388, 1, 9, 'A', 23, 'A-23'),
(1389, 1, 9, 'A', 24, 'A-24'),
(1390, 1, 9, 'A', 25, 'A-25'),
(1391, 1, 9, 'A', 26, 'A-26'),
(1392, 1, 9, 'A', 27, 'A-27'),
(1393, 1, 9, 'A', 28, 'A-28'),
(1394, 1, 9, 'A', 29, 'A-29'),
(1395, 1, 9, 'A', 30, 'A-30'),
(1396, 1, 9, 'A', 31, 'A-31'),
(1397, 1, 9, 'A', 32, 'A-32'),
(1398, 1, 9, 'A', 33, 'A-33'),
(1399, 1, 9, 'A', 34, 'A-34'),
(1400, 1, 9, 'A', 35, 'A-35'),
(1401, 1, 9, 'A', 36, 'A-36'),
(1402, 1, 9, 'A', 37, 'A-37'),
(1403, 1, 9, 'A', 38, 'A-38'),
(1404, 1, 9, 'A', 39, 'A-39'),
(1405, 1, 9, 'A', 40, 'A-40'),
(1406, 1, 9, 'A', 41, 'A-41'),
(1407, 1, 9, 'A', 42, 'A-42'),
(1408, 1, 9, 'A', 43, 'A-43'),
(1409, 1, 9, 'A', 44, 'A-44'),
(1410, 1, 9, 'A', 45, 'A-45'),
(1411, 1, 9, 'A', 46, 'A-46'),
(1412, 1, 9, 'A', 47, 'A-47'),
(1413, 1, 9, 'A', 48, 'A-48'),
(1414, 1, 9, 'A', 49, 'A-49'),
(1415, 1, 9, 'A', 50, 'A-50'),
(1416, 1, 9, 'A', 51, 'A-51'),
(1417, 1, 9, 'A', 52, 'A-52'),
(1418, 1, 9, 'A', 53, 'A-53'),
(1419, 1, 9, 'A', 54, 'A-54'),
(1420, 1, 9, 'A', 55, 'A-55'),
(1421, 1, 9, 'A', 56, 'A-56'),
(1422, 1, 9, 'A', 57, 'A-57'),
(1423, 1, 9, 'A', 58, 'A-58'),
(1424, 1, 9, 'A', 59, 'A-59'),
(1425, 1, 9, 'A', 60, 'A-60'),
(1426, 1, 9, 'B', 1, 'B-1'),
(1427, 1, 9, 'B', 2, 'B-2'),
(1428, 1, 9, 'B', 3, 'B-3'),
(1429, 1, 9, 'B', 4, 'B-4'),
(1430, 1, 9, 'B', 5, 'B-5'),
(1431, 1, 9, 'B', 6, 'B-6'),
(1432, 1, 9, 'B', 7, 'B-7'),
(1433, 1, 9, 'B', 8, 'B-8'),
(1434, 1, 9, 'B', 9, 'B-9'),
(1435, 1, 9, 'B', 10, 'B-10'),
(1436, 1, 9, 'B', 11, 'B-11'),
(1437, 1, 9, 'B', 12, 'B-12'),
(1438, 1, 9, 'B', 13, 'B-13'),
(1439, 1, 9, 'B', 14, 'B-14'),
(1440, 1, 9, 'B', 15, 'B-15'),
(1441, 1, 9, 'B', 16, 'B-16'),
(1442, 1, 9, 'B', 17, 'B-17'),
(1443, 1, 9, 'B', 18, 'B-18'),
(1444, 1, 9, 'B', 19, 'B-19'),
(1445, 1, 9, 'B', 20, 'B-20'),
(1446, 1, 9, 'B', 21, 'B-21'),
(1447, 1, 9, 'B', 22, 'B-22'),
(1448, 1, 9, 'B', 23, 'B-23'),
(1449, 1, 9, 'B', 24, 'B-24'),
(1450, 1, 9, 'B', 25, 'B-25'),
(1451, 1, 9, 'B', 26, 'B-26'),
(1452, 1, 9, 'B', 27, 'B-27'),
(1453, 1, 9, 'B', 28, 'B-28'),
(1454, 1, 9, 'B', 29, 'B-29'),
(1455, 1, 9, 'B', 30, 'B-30'),
(1456, 1, 9, 'B', 31, 'B-31'),
(1457, 1, 9, 'B', 32, 'B-32'),
(1458, 1, 9, 'B', 33, 'B-33'),
(1459, 1, 9, 'B', 34, 'B-34'),
(1460, 1, 9, 'B', 35, 'B-35'),
(1461, 1, 9, 'B', 36, 'B-36'),
(1462, 1, 9, 'B', 37, 'B-37'),
(1463, 1, 9, 'B', 38, 'B-38'),
(1464, 1, 9, 'B', 39, 'B-39'),
(1465, 1, 9, 'B', 40, 'B-40'),
(1466, 1, 9, 'B', 41, 'B-41'),
(1467, 1, 9, 'B', 42, 'B-42'),
(1468, 1, 9, 'B', 43, 'B-43'),
(1469, 1, 9, 'B', 44, 'B-44'),
(1470, 1, 9, 'B', 45, 'B-45'),
(1471, 1, 9, 'B', 46, 'B-46'),
(1472, 1, 9, 'B', 47, 'B-47'),
(1473, 1, 9, 'B', 48, 'B-48'),
(1474, 1, 9, 'B', 49, 'B-49'),
(1475, 1, 9, 'B', 50, 'B-50'),
(1476, 1, 9, 'B', 51, 'B-51'),
(1477, 1, 9, 'B', 52, 'B-52'),
(1478, 1, 9, 'B', 53, 'B-53'),
(1479, 1, 9, 'B', 54, 'B-54'),
(1480, 1, 9, 'B', 55, 'B-55'),
(1481, 1, 9, 'B', 56, 'B-56'),
(1482, 1, 9, 'B', 57, 'B-57'),
(1483, 1, 9, 'B', 58, 'B-58'),
(1484, 1, 9, 'B', 59, 'B-59'),
(1485, 1, 9, 'B', 60, 'B-60'),
(1486, 1, 9, 'C', 1, 'C-1'),
(1487, 1, 9, 'C', 2, 'C-2'),
(1488, 1, 9, 'C', 3, 'C-3'),
(1489, 1, 9, 'C', 4, 'C-4'),
(1490, 1, 9, 'C', 5, 'C-5'),
(1491, 1, 9, 'C', 6, 'C-6'),
(1492, 1, 9, 'C', 7, 'C-7'),
(1493, 1, 9, 'C', 8, 'C-8'),
(1494, 1, 9, 'C', 9, 'C-9'),
(1495, 1, 9, 'C', 10, 'C-10'),
(1496, 1, 9, 'C', 11, 'C-11'),
(1497, 1, 9, 'C', 12, 'C-12'),
(1498, 1, 9, 'C', 13, 'C-13'),
(1499, 1, 9, 'C', 14, 'C-14'),
(1500, 1, 9, 'C', 15, 'C-15'),
(1501, 1, 9, 'C', 16, 'C-16'),
(1502, 1, 9, 'C', 17, 'C-17'),
(1503, 1, 9, 'C', 18, 'C-18'),
(1504, 1, 9, 'C', 19, 'C-19'),
(1505, 1, 9, 'C', 20, 'C-20'),
(1506, 1, 9, 'C', 21, 'C-21'),
(1507, 1, 9, 'C', 22, 'C-22'),
(1508, 1, 9, 'C', 23, 'C-23'),
(1509, 1, 9, 'C', 24, 'C-24'),
(1510, 1, 9, 'C', 25, 'C-25'),
(1511, 1, 9, 'C', 26, 'C-26'),
(1512, 1, 9, 'C', 27, 'C-27'),
(1513, 1, 9, 'C', 28, 'C-28'),
(1514, 1, 9, 'C', 29, 'C-29'),
(1515, 1, 9, 'C', 30, 'C-30'),
(1516, 1, 9, 'C', 31, 'C-31'),
(1517, 1, 9, 'C', 32, 'C-32'),
(1518, 1, 9, 'C', 33, 'C-33'),
(1519, 1, 9, 'C', 34, 'C-34'),
(1520, 1, 9, 'C', 35, 'C-35'),
(1521, 1, 9, 'C', 36, 'C-36'),
(1522, 1, 9, 'C', 37, 'C-37'),
(1523, 1, 9, 'C', 38, 'C-38'),
(1524, 1, 9, 'C', 39, 'C-39'),
(1525, 1, 9, 'C', 40, 'C-40'),
(1526, 1, 9, 'C', 41, 'C-41'),
(1527, 1, 9, 'C', 42, 'C-42'),
(1528, 1, 9, 'C', 43, 'C-43'),
(1529, 1, 9, 'C', 44, 'C-44'),
(1530, 1, 9, 'C', 45, 'C-45'),
(1531, 1, 9, 'C', 46, 'C-46'),
(1532, 1, 9, 'C', 47, 'C-47'),
(1533, 1, 9, 'C', 48, 'C-48'),
(1534, 1, 9, 'C', 49, 'C-49'),
(1535, 1, 9, 'C', 50, 'C-50'),
(1536, 1, 9, 'C', 51, 'C-51'),
(1537, 1, 9, 'C', 52, 'C-52'),
(1538, 1, 9, 'C', 53, 'C-53'),
(1539, 1, 9, 'C', 54, 'C-54'),
(1540, 1, 9, 'C', 55, 'C-55'),
(1541, 1, 9, 'C', 56, 'C-56'),
(1542, 1, 9, 'C', 57, 'C-57'),
(1543, 1, 9, 'C', 58, 'C-58'),
(1544, 1, 9, 'C', 59, 'C-59'),
(1545, 1, 9, 'C', 60, 'C-60'),
(1546, 1, 9, 'D', 1, 'D-1'),
(1547, 1, 9, 'D', 2, 'D-2'),
(1548, 1, 9, 'D', 3, 'D-3'),
(1549, 1, 9, 'D', 4, 'D-4'),
(1550, 1, 9, 'D', 5, 'D-5'),
(1551, 1, 9, 'D', 6, 'D-6'),
(1552, 1, 9, 'D', 7, 'D-7'),
(1553, 1, 9, 'D', 8, 'D-8'),
(1554, 1, 9, 'D', 9, 'D-9'),
(1555, 1, 9, 'D', 10, 'D-10'),
(1556, 1, 9, 'D', 11, 'D-11'),
(1557, 1, 9, 'D', 12, 'D-12'),
(1558, 1, 9, 'D', 13, 'D-13'),
(1559, 1, 9, 'D', 14, 'D-14'),
(1560, 1, 9, 'D', 15, 'D-15'),
(1561, 1, 9, 'D', 16, 'D-16'),
(1562, 1, 9, 'D', 17, 'D-17'),
(1563, 1, 9, 'D', 18, 'D-18'),
(1564, 1, 9, 'D', 19, 'D-19'),
(1565, 1, 9, 'D', 20, 'D-20'),
(1566, 1, 9, 'D', 21, 'D-21'),
(1567, 1, 9, 'D', 22, 'D-22'),
(1568, 1, 9, 'D', 23, 'D-23'),
(1569, 1, 9, 'D', 24, 'D-24'),
(1570, 1, 9, 'D', 25, 'D-25'),
(1571, 1, 9, 'D', 26, 'D-26'),
(1572, 1, 9, 'D', 27, 'D-27'),
(1573, 1, 9, 'D', 28, 'D-28'),
(1574, 1, 9, 'D', 29, 'D-29'),
(1575, 1, 9, 'D', 30, 'D-30'),
(1576, 1, 9, 'D', 31, 'D-31'),
(1577, 1, 9, 'D', 32, 'D-32'),
(1578, 1, 9, 'D', 33, 'D-33'),
(1579, 1, 9, 'D', 34, 'D-34'),
(1580, 1, 9, 'D', 35, 'D-35'),
(1581, 1, 9, 'D', 36, 'D-36'),
(1582, 1, 9, 'D', 37, 'D-37'),
(1583, 1, 9, 'D', 38, 'D-38'),
(1584, 1, 9, 'D', 39, 'D-39'),
(1585, 1, 9, 'D', 40, 'D-40'),
(1586, 1, 9, 'D', 41, 'D-41'),
(1587, 1, 9, 'D', 42, 'D-42'),
(1588, 1, 9, 'D', 43, 'D-43'),
(1589, 1, 9, 'D', 44, 'D-44'),
(1590, 1, 9, 'D', 45, 'D-45'),
(1591, 1, 9, 'D', 46, 'D-46'),
(1592, 1, 9, 'D', 47, 'D-47'),
(1593, 1, 9, 'D', 48, 'D-48'),
(1594, 1, 9, 'D', 49, 'D-49'),
(1595, 1, 9, 'D', 50, 'D-50'),
(1596, 1, 9, 'D', 51, 'D-51'),
(1597, 1, 9, 'D', 52, 'D-52'),
(1598, 1, 9, 'D', 53, 'D-53'),
(1599, 1, 9, 'D', 54, 'D-54'),
(1600, 1, 9, 'D', 55, 'D-55'),
(1601, 1, 9, 'D', 56, 'D-56'),
(1602, 1, 9, 'D', 57, 'D-57'),
(1603, 1, 9, 'D', 58, 'D-58'),
(1604, 1, 9, 'D', 59, 'D-59'),
(1605, 1, 9, 'D', 60, 'D-60'),
(1606, 1, 10, 'A', 1, 'A-1'),
(1607, 1, 10, 'A', 2, 'A-2'),
(1608, 1, 10, 'A', 3, 'A-3'),
(1609, 1, 10, 'A', 4, 'A-4'),
(1610, 1, 10, 'A', 5, 'A-5'),
(1611, 1, 10, 'A', 6, 'A-6'),
(1612, 1, 10, 'A', 7, 'A-7'),
(1613, 1, 10, 'A', 8, 'A-8'),
(1614, 1, 10, 'A', 9, 'A-9'),
(1615, 1, 10, 'A', 10, 'A-10'),
(1616, 1, 10, 'A', 11, 'A-11'),
(1617, 1, 10, 'A', 12, 'A-12'),
(1618, 1, 10, 'A', 13, 'A-13'),
(1619, 1, 10, 'A', 14, 'A-14'),
(1620, 1, 10, 'A', 15, 'A-15'),
(1621, 1, 10, 'A', 16, 'A-16'),
(1622, 1, 10, 'A', 17, 'A-17'),
(1623, 1, 10, 'A', 18, 'A-18'),
(1624, 1, 10, 'A', 19, 'A-19'),
(1625, 1, 10, 'A', 20, 'A-20'),
(1626, 1, 10, 'A', 21, 'A-21'),
(1627, 1, 10, 'A', 22, 'A-22'),
(1628, 1, 10, 'A', 23, 'A-23'),
(1629, 1, 10, 'A', 24, 'A-24'),
(1630, 1, 10, 'A', 25, 'A-25'),
(1631, 1, 10, 'A', 26, 'A-26'),
(1632, 1, 10, 'A', 27, 'A-27'),
(1633, 1, 10, 'A', 28, 'A-28'),
(1634, 1, 10, 'A', 29, 'A-29'),
(1635, 1, 10, 'A', 30, 'A-30'),
(1636, 1, 10, 'A', 31, 'A-31'),
(1637, 1, 10, 'A', 32, 'A-32'),
(1638, 1, 10, 'A', 33, 'A-33'),
(1639, 1, 10, 'A', 34, 'A-34'),
(1640, 1, 10, 'A', 35, 'A-35'),
(1641, 1, 10, 'A', 36, 'A-36'),
(1642, 1, 10, 'A', 37, 'A-37'),
(1643, 1, 10, 'A', 38, 'A-38'),
(1644, 1, 10, 'A', 39, 'A-39'),
(1645, 1, 10, 'A', 40, 'A-40'),
(1646, 1, 10, 'A', 41, 'A-41'),
(1647, 1, 10, 'A', 42, 'A-42'),
(1648, 1, 10, 'A', 43, 'A-43'),
(1649, 1, 10, 'A', 44, 'A-44'),
(1650, 1, 10, 'A', 45, 'A-45'),
(1651, 1, 10, 'A', 46, 'A-46'),
(1652, 1, 10, 'A', 47, 'A-47'),
(1653, 1, 10, 'A', 48, 'A-48'),
(1654, 1, 10, 'A', 49, 'A-49'),
(1655, 1, 10, 'A', 50, 'A-50'),
(1656, 1, 10, 'B', 1, 'B-1'),
(1657, 1, 10, 'B', 2, 'B-2'),
(1658, 1, 10, 'B', 3, 'B-3'),
(1659, 1, 10, 'B', 4, 'B-4'),
(1660, 1, 10, 'B', 5, 'B-5'),
(1661, 1, 10, 'B', 6, 'B-6'),
(1662, 1, 10, 'B', 7, 'B-7'),
(1663, 1, 10, 'B', 8, 'B-8'),
(1664, 1, 10, 'B', 9, 'B-9'),
(1665, 1, 10, 'B', 10, 'B-10'),
(1666, 1, 10, 'B', 11, 'B-11'),
(1667, 1, 10, 'B', 12, 'B-12'),
(1668, 1, 10, 'B', 13, 'B-13'),
(1669, 1, 10, 'B', 14, 'B-14'),
(1670, 1, 10, 'B', 15, 'B-15'),
(1671, 1, 10, 'B', 16, 'B-16'),
(1672, 1, 10, 'B', 17, 'B-17'),
(1673, 1, 10, 'B', 18, 'B-18'),
(1674, 1, 10, 'B', 19, 'B-19'),
(1675, 1, 10, 'B', 20, 'B-20'),
(1676, 1, 10, 'B', 21, 'B-21'),
(1677, 1, 10, 'B', 22, 'B-22'),
(1678, 1, 10, 'B', 23, 'B-23'),
(1679, 1, 10, 'B', 24, 'B-24'),
(1680, 1, 10, 'B', 25, 'B-25'),
(1681, 1, 10, 'B', 26, 'B-26'),
(1682, 1, 10, 'B', 27, 'B-27'),
(1683, 1, 10, 'B', 28, 'B-28'),
(1684, 1, 10, 'B', 29, 'B-29'),
(1685, 1, 10, 'B', 30, 'B-30'),
(1686, 1, 10, 'B', 31, 'B-31'),
(1687, 1, 10, 'B', 32, 'B-32'),
(1688, 1, 10, 'B', 33, 'B-33'),
(1689, 1, 10, 'B', 34, 'B-34'),
(1690, 1, 10, 'B', 35, 'B-35'),
(1691, 1, 10, 'B', 36, 'B-36'),
(1692, 1, 10, 'B', 37, 'B-37'),
(1693, 1, 10, 'B', 38, 'B-38'),
(1694, 1, 10, 'B', 39, 'B-39'),
(1695, 1, 10, 'B', 40, 'B-40'),
(1696, 1, 10, 'B', 41, 'B-41'),
(1697, 1, 10, 'B', 42, 'B-42'),
(1698, 1, 10, 'B', 43, 'B-43'),
(1699, 1, 10, 'B', 44, 'B-44'),
(1700, 1, 10, 'B', 45, 'B-45'),
(1701, 1, 10, 'B', 46, 'B-46'),
(1702, 1, 10, 'B', 47, 'B-47'),
(1703, 1, 10, 'B', 48, 'B-48'),
(1704, 1, 10, 'B', 49, 'B-49'),
(1705, 1, 10, 'B', 50, 'B-50'),
(1706, 1, 10, 'C', 1, 'C-1'),
(1707, 1, 10, 'C', 2, 'C-2'),
(1708, 1, 10, 'C', 3, 'C-3'),
(1709, 1, 10, 'C', 4, 'C-4'),
(1710, 1, 10, 'C', 5, 'C-5'),
(1711, 1, 10, 'C', 6, 'C-6'),
(1712, 1, 10, 'C', 7, 'C-7'),
(1713, 1, 10, 'C', 8, 'C-8'),
(1714, 1, 10, 'C', 9, 'C-9'),
(1715, 1, 10, 'C', 10, 'C-10'),
(1716, 1, 10, 'C', 11, 'C-11'),
(1717, 1, 10, 'C', 12, 'C-12'),
(1718, 1, 10, 'C', 13, 'C-13'),
(1719, 1, 10, 'C', 14, 'C-14'),
(1720, 1, 10, 'C', 15, 'C-15'),
(1721, 1, 10, 'C', 16, 'C-16'),
(1722, 1, 10, 'C', 17, 'C-17'),
(1723, 1, 10, 'C', 18, 'C-18'),
(1724, 1, 10, 'C', 19, 'C-19'),
(1725, 1, 10, 'C', 20, 'C-20'),
(1726, 1, 10, 'C', 21, 'C-21'),
(1727, 1, 10, 'C', 22, 'C-22'),
(1728, 1, 10, 'C', 23, 'C-23'),
(1729, 1, 10, 'C', 24, 'C-24'),
(1730, 1, 10, 'C', 25, 'C-25'),
(1731, 1, 10, 'C', 26, 'C-26'),
(1732, 1, 10, 'C', 27, 'C-27'),
(1733, 1, 10, 'C', 28, 'C-28'),
(1734, 1, 10, 'C', 29, 'C-29'),
(1735, 1, 10, 'C', 30, 'C-30'),
(1736, 1, 10, 'C', 31, 'C-31'),
(1737, 1, 10, 'C', 32, 'C-32'),
(1738, 1, 10, 'C', 33, 'C-33'),
(1739, 1, 10, 'C', 34, 'C-34'),
(1740, 1, 10, 'C', 35, 'C-35'),
(1741, 1, 10, 'C', 36, 'C-36'),
(1742, 1, 10, 'C', 37, 'C-37'),
(1743, 1, 10, 'C', 38, 'C-38'),
(1744, 1, 10, 'C', 39, 'C-39'),
(1745, 1, 10, 'C', 40, 'C-40'),
(1746, 1, 10, 'C', 41, 'C-41'),
(1747, 1, 10, 'C', 42, 'C-42'),
(1748, 1, 10, 'C', 43, 'C-43'),
(1749, 1, 10, 'C', 44, 'C-44'),
(1750, 1, 10, 'C', 45, 'C-45'),
(1751, 1, 10, 'C', 46, 'C-46'),
(1752, 1, 10, 'C', 47, 'C-47'),
(1753, 1, 10, 'C', 48, 'C-48'),
(1754, 1, 10, 'C', 49, 'C-49'),
(1755, 1, 10, 'C', 50, 'C-50'),
(1756, 1, 10, 'D', 1, 'D-1'),
(1757, 1, 10, 'D', 2, 'D-2'),
(1758, 1, 10, 'D', 3, 'D-3'),
(1759, 1, 10, 'D', 4, 'D-4'),
(1760, 1, 10, 'D', 5, 'D-5'),
(1761, 1, 10, 'D', 6, 'D-6'),
(1762, 1, 10, 'D', 7, 'D-7'),
(1763, 1, 10, 'D', 8, 'D-8'),
(1764, 1, 10, 'D', 9, 'D-9'),
(1765, 1, 10, 'D', 10, 'D-10');
INSERT INTO `seats` (`id`, `event_id`, `ticket_type_id`, `seat_row`, `seat_number`, `label`) VALUES
(1766, 1, 10, 'D', 11, 'D-11'),
(1767, 1, 10, 'D', 12, 'D-12'),
(1768, 1, 10, 'D', 13, 'D-13'),
(1769, 1, 10, 'D', 14, 'D-14'),
(1770, 1, 10, 'D', 15, 'D-15'),
(1771, 1, 10, 'D', 16, 'D-16'),
(1772, 1, 10, 'D', 17, 'D-17'),
(1773, 1, 10, 'D', 18, 'D-18'),
(1774, 1, 10, 'D', 19, 'D-19'),
(1775, 1, 10, 'D', 20, 'D-20'),
(1776, 1, 10, 'D', 21, 'D-21'),
(1777, 1, 10, 'D', 22, 'D-22'),
(1778, 1, 10, 'D', 23, 'D-23'),
(1779, 1, 10, 'D', 24, 'D-24'),
(1780, 1, 10, 'D', 25, 'D-25'),
(1781, 1, 10, 'D', 26, 'D-26'),
(1782, 1, 10, 'D', 27, 'D-27'),
(1783, 1, 10, 'D', 28, 'D-28'),
(1784, 1, 10, 'D', 29, 'D-29'),
(1785, 1, 10, 'D', 30, 'D-30'),
(1786, 1, 10, 'D', 31, 'D-31'),
(1787, 1, 10, 'D', 32, 'D-32'),
(1788, 1, 10, 'D', 33, 'D-33'),
(1789, 1, 10, 'D', 34, 'D-34'),
(1790, 1, 10, 'D', 35, 'D-35'),
(1791, 1, 10, 'D', 36, 'D-36'),
(1792, 1, 10, 'D', 37, 'D-37'),
(1793, 1, 10, 'D', 38, 'D-38'),
(1794, 1, 10, 'D', 39, 'D-39'),
(1795, 1, 10, 'D', 40, 'D-40'),
(1796, 1, 10, 'D', 41, 'D-41'),
(1797, 1, 10, 'D', 42, 'D-42'),
(1798, 1, 10, 'D', 43, 'D-43'),
(1799, 1, 10, 'D', 44, 'D-44'),
(1800, 1, 10, 'D', 45, 'D-45'),
(1801, 1, 10, 'D', 46, 'D-46'),
(1802, 1, 10, 'D', 47, 'D-47'),
(1803, 1, 10, 'D', 48, 'D-48'),
(1804, 1, 10, 'D', 49, 'D-49'),
(1805, 1, 10, 'D', 50, 'D-50'),
(1806, 1, 10, 'E', 1, 'E-1'),
(1807, 1, 10, 'E', 2, 'E-2'),
(1808, 1, 10, 'E', 3, 'E-3'),
(1809, 1, 10, 'E', 4, 'E-4'),
(1810, 1, 10, 'E', 5, 'E-5'),
(1811, 1, 10, 'E', 6, 'E-6'),
(1812, 1, 10, 'E', 7, 'E-7'),
(1813, 1, 10, 'E', 8, 'E-8'),
(1814, 1, 10, 'E', 9, 'E-9'),
(1815, 1, 10, 'E', 10, 'E-10'),
(1816, 1, 10, 'E', 11, 'E-11'),
(1817, 1, 10, 'E', 12, 'E-12'),
(1818, 1, 10, 'E', 13, 'E-13'),
(1819, 1, 10, 'E', 14, 'E-14'),
(1820, 1, 10, 'E', 15, 'E-15'),
(1821, 1, 10, 'E', 16, 'E-16'),
(1822, 1, 10, 'E', 17, 'E-17'),
(1823, 1, 10, 'E', 18, 'E-18'),
(1824, 1, 10, 'E', 19, 'E-19'),
(1825, 1, 10, 'E', 20, 'E-20'),
(1826, 1, 10, 'E', 21, 'E-21'),
(1827, 1, 10, 'E', 22, 'E-22'),
(1828, 1, 10, 'E', 23, 'E-23'),
(1829, 1, 10, 'E', 24, 'E-24'),
(1830, 1, 10, 'E', 25, 'E-25'),
(1831, 1, 10, 'E', 26, 'E-26'),
(1832, 1, 10, 'E', 27, 'E-27'),
(1833, 1, 10, 'E', 28, 'E-28'),
(1834, 1, 10, 'E', 29, 'E-29'),
(1835, 1, 10, 'E', 30, 'E-30'),
(1836, 1, 10, 'E', 31, 'E-31'),
(1837, 1, 10, 'E', 32, 'E-32'),
(1838, 1, 10, 'E', 33, 'E-33'),
(1839, 1, 10, 'E', 34, 'E-34'),
(1840, 1, 10, 'E', 35, 'E-35'),
(1841, 1, 10, 'E', 36, 'E-36'),
(1842, 1, 10, 'E', 37, 'E-37'),
(1843, 1, 10, 'E', 38, 'E-38'),
(1844, 1, 10, 'E', 39, 'E-39'),
(1845, 1, 10, 'E', 40, 'E-40'),
(1846, 1, 10, 'E', 41, 'E-41'),
(1847, 1, 10, 'E', 42, 'E-42'),
(1848, 1, 10, 'E', 43, 'E-43'),
(1849, 1, 10, 'E', 44, 'E-44'),
(1850, 1, 10, 'E', 45, 'E-45'),
(1851, 1, 10, 'E', 46, 'E-46'),
(1852, 1, 10, 'E', 47, 'E-47'),
(1853, 1, 10, 'E', 48, 'E-48'),
(1854, 1, 10, 'E', 49, 'E-49'),
(1855, 1, 10, 'E', 50, 'E-50'),
(1856, 1, 10, 'F', 1, 'F-1'),
(1857, 1, 10, 'F', 2, 'F-2'),
(1858, 1, 10, 'F', 3, 'F-3'),
(1859, 1, 10, 'F', 4, 'F-4'),
(1860, 1, 10, 'F', 5, 'F-5'),
(1861, 1, 10, 'F', 6, 'F-6'),
(1862, 1, 10, 'F', 7, 'F-7'),
(1863, 1, 10, 'F', 8, 'F-8'),
(1864, 1, 10, 'F', 9, 'F-9'),
(1865, 1, 10, 'F', 10, 'F-10'),
(1866, 1, 10, 'F', 11, 'F-11'),
(1867, 1, 10, 'F', 12, 'F-12'),
(1868, 1, 10, 'F', 13, 'F-13'),
(1869, 1, 10, 'F', 14, 'F-14'),
(1870, 1, 10, 'F', 15, 'F-15'),
(1871, 1, 10, 'F', 16, 'F-16'),
(1872, 1, 10, 'F', 17, 'F-17'),
(1873, 1, 10, 'F', 18, 'F-18'),
(1874, 1, 10, 'F', 19, 'F-19'),
(1875, 1, 10, 'F', 20, 'F-20'),
(1876, 1, 10, 'F', 21, 'F-21'),
(1877, 1, 10, 'F', 22, 'F-22'),
(1878, 1, 10, 'F', 23, 'F-23'),
(1879, 1, 10, 'F', 24, 'F-24'),
(1880, 1, 10, 'F', 25, 'F-25'),
(1881, 1, 10, 'F', 26, 'F-26'),
(1882, 1, 10, 'F', 27, 'F-27'),
(1883, 1, 10, 'F', 28, 'F-28'),
(1884, 1, 10, 'F', 29, 'F-29'),
(1885, 1, 10, 'F', 30, 'F-30'),
(1886, 1, 10, 'F', 31, 'F-31'),
(1887, 1, 10, 'F', 32, 'F-32'),
(1888, 1, 10, 'F', 33, 'F-33'),
(1889, 1, 10, 'F', 34, 'F-34'),
(1890, 1, 10, 'F', 35, 'F-35'),
(1891, 1, 10, 'F', 36, 'F-36'),
(1892, 1, 10, 'F', 37, 'F-37'),
(1893, 1, 10, 'F', 38, 'F-38'),
(1894, 1, 10, 'F', 39, 'F-39'),
(1895, 1, 10, 'F', 40, 'F-40'),
(1896, 1, 10, 'F', 41, 'F-41'),
(1897, 1, 10, 'F', 42, 'F-42'),
(1898, 1, 10, 'F', 43, 'F-43'),
(1899, 1, 10, 'F', 44, 'F-44'),
(1900, 1, 10, 'F', 45, 'F-45'),
(1901, 1, 10, 'F', 46, 'F-46'),
(1902, 1, 10, 'F', 47, 'F-47'),
(1903, 1, 10, 'F', 48, 'F-48'),
(1904, 1, 10, 'F', 49, 'F-49'),
(1905, 1, 10, 'F', 50, 'F-50'),
(1906, 1, 10, 'G', 1, 'G-1'),
(1907, 1, 10, 'G', 2, 'G-2'),
(1908, 1, 10, 'G', 3, 'G-3'),
(1909, 1, 10, 'G', 4, 'G-4'),
(1910, 1, 10, 'G', 5, 'G-5'),
(1911, 1, 10, 'G', 6, 'G-6'),
(1912, 1, 10, 'G', 7, 'G-7'),
(1913, 1, 10, 'G', 8, 'G-8'),
(1914, 1, 10, 'G', 9, 'G-9'),
(1915, 1, 10, 'G', 10, 'G-10'),
(1916, 1, 10, 'G', 11, 'G-11'),
(1917, 1, 10, 'G', 12, 'G-12'),
(1918, 1, 10, 'G', 13, 'G-13'),
(1919, 1, 10, 'G', 14, 'G-14'),
(1920, 1, 10, 'G', 15, 'G-15'),
(1921, 1, 10, 'G', 16, 'G-16'),
(1922, 1, 10, 'G', 17, 'G-17'),
(1923, 1, 10, 'G', 18, 'G-18'),
(1924, 1, 10, 'G', 19, 'G-19'),
(1925, 1, 10, 'G', 20, 'G-20'),
(1926, 1, 10, 'G', 21, 'G-21'),
(1927, 1, 10, 'G', 22, 'G-22'),
(1928, 1, 10, 'G', 23, 'G-23'),
(1929, 1, 10, 'G', 24, 'G-24'),
(1930, 1, 10, 'G', 25, 'G-25'),
(1931, 1, 10, 'G', 26, 'G-26'),
(1932, 1, 10, 'G', 27, 'G-27'),
(1933, 1, 10, 'G', 28, 'G-28'),
(1934, 1, 10, 'G', 29, 'G-29'),
(1935, 1, 10, 'G', 30, 'G-30'),
(1936, 1, 10, 'G', 31, 'G-31'),
(1937, 1, 10, 'G', 32, 'G-32'),
(1938, 1, 10, 'G', 33, 'G-33'),
(1939, 1, 10, 'G', 34, 'G-34'),
(1940, 1, 10, 'G', 35, 'G-35'),
(1941, 1, 10, 'G', 36, 'G-36'),
(1942, 1, 10, 'G', 37, 'G-37'),
(1943, 1, 10, 'G', 38, 'G-38'),
(1944, 1, 10, 'G', 39, 'G-39'),
(1945, 1, 10, 'G', 40, 'G-40'),
(1946, 1, 10, 'G', 41, 'G-41'),
(1947, 1, 10, 'G', 42, 'G-42'),
(1948, 1, 10, 'G', 43, 'G-43'),
(1949, 1, 10, 'G', 44, 'G-44'),
(1950, 1, 10, 'G', 45, 'G-45'),
(1951, 1, 10, 'G', 46, 'G-46'),
(1952, 1, 10, 'G', 47, 'G-47'),
(1953, 1, 10, 'G', 48, 'G-48'),
(1954, 1, 10, 'G', 49, 'G-49'),
(1955, 1, 10, 'G', 50, 'G-50'),
(1956, 1, 10, 'H', 1, 'H-1'),
(1957, 1, 10, 'H', 2, 'H-2'),
(1958, 1, 10, 'H', 3, 'H-3'),
(1959, 1, 10, 'H', 4, 'H-4'),
(1960, 1, 10, 'H', 5, 'H-5'),
(1961, 1, 10, 'H', 6, 'H-6'),
(1962, 1, 10, 'H', 7, 'H-7'),
(1963, 1, 10, 'H', 8, 'H-8'),
(1964, 1, 10, 'H', 9, 'H-9'),
(1965, 1, 10, 'H', 10, 'H-10'),
(1966, 1, 10, 'H', 11, 'H-11'),
(1967, 1, 10, 'H', 12, 'H-12'),
(1968, 1, 10, 'H', 13, 'H-13'),
(1969, 1, 10, 'H', 14, 'H-14'),
(1970, 1, 10, 'H', 15, 'H-15'),
(1971, 1, 10, 'H', 16, 'H-16'),
(1972, 1, 10, 'H', 17, 'H-17'),
(1973, 1, 10, 'H', 18, 'H-18'),
(1974, 1, 10, 'H', 19, 'H-19'),
(1975, 1, 10, 'H', 20, 'H-20'),
(1976, 1, 10, 'H', 21, 'H-21'),
(1977, 1, 10, 'H', 22, 'H-22'),
(1978, 1, 10, 'H', 23, 'H-23'),
(1979, 1, 10, 'H', 24, 'H-24'),
(1980, 1, 10, 'H', 25, 'H-25'),
(1981, 1, 10, 'H', 26, 'H-26'),
(1982, 1, 10, 'H', 27, 'H-27'),
(1983, 1, 10, 'H', 28, 'H-28'),
(1984, 1, 10, 'H', 29, 'H-29'),
(1985, 1, 10, 'H', 30, 'H-30'),
(1986, 1, 10, 'H', 31, 'H-31'),
(1987, 1, 10, 'H', 32, 'H-32'),
(1988, 1, 10, 'H', 33, 'H-33'),
(1989, 1, 10, 'H', 34, 'H-34'),
(1990, 1, 10, 'H', 35, 'H-35'),
(1991, 1, 10, 'H', 36, 'H-36'),
(1992, 1, 10, 'H', 37, 'H-37'),
(1993, 1, 10, 'H', 38, 'H-38'),
(1994, 1, 10, 'H', 39, 'H-39'),
(1995, 1, 10, 'H', 40, 'H-40'),
(1996, 1, 10, 'H', 41, 'H-41'),
(1997, 1, 10, 'H', 42, 'H-42'),
(1998, 1, 10, 'H', 43, 'H-43'),
(1999, 1, 10, 'H', 44, 'H-44'),
(2000, 1, 10, 'H', 45, 'H-45'),
(2001, 1, 10, 'H', 46, 'H-46'),
(2002, 1, 10, 'H', 47, 'H-47'),
(2003, 1, 10, 'H', 48, 'H-48'),
(2004, 1, 10, 'H', 49, 'H-49'),
(2005, 1, 10, 'H', 50, 'H-50'),
(2006, 1, 11, 'A', 1, 'A-1'),
(2007, 1, 11, 'A', 2, 'A-2'),
(2008, 1, 11, 'A', 3, 'A-3'),
(2009, 1, 11, 'A', 4, 'A-4'),
(2010, 1, 11, 'A', 5, 'A-5'),
(2011, 1, 11, 'A', 6, 'A-6'),
(2012, 1, 11, 'A', 7, 'A-7'),
(2013, 1, 11, 'A', 8, 'A-8'),
(2014, 1, 11, 'A', 9, 'A-9'),
(2015, 1, 11, 'A', 10, 'A-10'),
(2016, 1, 11, 'A', 11, 'A-11'),
(2017, 1, 11, 'A', 12, 'A-12'),
(2018, 1, 11, 'A', 13, 'A-13'),
(2019, 1, 11, 'A', 14, 'A-14'),
(2020, 1, 11, 'A', 15, 'A-15'),
(2021, 1, 11, 'A', 16, 'A-16'),
(2022, 1, 11, 'A', 17, 'A-17'),
(2023, 1, 11, 'A', 18, 'A-18'),
(2024, 1, 11, 'A', 19, 'A-19'),
(2025, 1, 11, 'A', 20, 'A-20'),
(2026, 1, 11, 'A', 21, 'A-21'),
(2027, 1, 11, 'A', 22, 'A-22'),
(2028, 1, 11, 'A', 23, 'A-23'),
(2029, 1, 11, 'A', 24, 'A-24'),
(2030, 1, 11, 'A', 25, 'A-25'),
(2031, 1, 11, 'A', 26, 'A-26'),
(2032, 1, 11, 'A', 27, 'A-27'),
(2033, 1, 11, 'A', 28, 'A-28'),
(2034, 1, 11, 'A', 29, 'A-29'),
(2035, 1, 11, 'A', 30, 'A-30'),
(2036, 1, 11, 'A', 31, 'A-31'),
(2037, 1, 11, 'A', 32, 'A-32'),
(2038, 1, 11, 'A', 33, 'A-33'),
(2039, 1, 11, 'A', 34, 'A-34'),
(2040, 1, 11, 'A', 35, 'A-35'),
(2041, 1, 11, 'A', 36, 'A-36'),
(2042, 1, 11, 'A', 37, 'A-37'),
(2043, 1, 11, 'A', 38, 'A-38'),
(2044, 1, 11, 'A', 39, 'A-39'),
(2045, 1, 11, 'A', 40, 'A-40'),
(2046, 1, 11, 'A', 41, 'A-41'),
(2047, 1, 11, 'A', 42, 'A-42'),
(2048, 1, 11, 'A', 43, 'A-43'),
(2049, 1, 11, 'A', 44, 'A-44'),
(2050, 1, 11, 'A', 45, 'A-45'),
(2051, 1, 11, 'A', 46, 'A-46'),
(2052, 1, 11, 'A', 47, 'A-47'),
(2053, 1, 11, 'A', 48, 'A-48'),
(2054, 1, 11, 'A', 49, 'A-49'),
(2055, 1, 11, 'A', 50, 'A-50'),
(2056, 1, 11, 'B', 1, 'B-1'),
(2057, 1, 11, 'B', 2, 'B-2'),
(2058, 1, 11, 'B', 3, 'B-3'),
(2059, 1, 11, 'B', 4, 'B-4'),
(2060, 1, 11, 'B', 5, 'B-5'),
(2061, 1, 11, 'B', 6, 'B-6'),
(2062, 1, 11, 'B', 7, 'B-7'),
(2063, 1, 11, 'B', 8, 'B-8'),
(2064, 1, 11, 'B', 9, 'B-9'),
(2065, 1, 11, 'B', 10, 'B-10'),
(2066, 1, 11, 'B', 11, 'B-11'),
(2067, 1, 11, 'B', 12, 'B-12'),
(2068, 1, 11, 'B', 13, 'B-13'),
(2069, 1, 11, 'B', 14, 'B-14'),
(2070, 1, 11, 'B', 15, 'B-15'),
(2071, 1, 11, 'B', 16, 'B-16'),
(2072, 1, 11, 'B', 17, 'B-17'),
(2073, 1, 11, 'B', 18, 'B-18'),
(2074, 1, 11, 'B', 19, 'B-19'),
(2075, 1, 11, 'B', 20, 'B-20'),
(2076, 1, 11, 'B', 21, 'B-21'),
(2077, 1, 11, 'B', 22, 'B-22'),
(2078, 1, 11, 'B', 23, 'B-23'),
(2079, 1, 11, 'B', 24, 'B-24'),
(2080, 1, 11, 'B', 25, 'B-25'),
(2081, 1, 11, 'B', 26, 'B-26'),
(2082, 1, 11, 'B', 27, 'B-27'),
(2083, 1, 11, 'B', 28, 'B-28'),
(2084, 1, 11, 'B', 29, 'B-29'),
(2085, 1, 11, 'B', 30, 'B-30'),
(2086, 1, 11, 'B', 31, 'B-31'),
(2087, 1, 11, 'B', 32, 'B-32'),
(2088, 1, 11, 'B', 33, 'B-33'),
(2089, 1, 11, 'B', 34, 'B-34'),
(2090, 1, 11, 'B', 35, 'B-35'),
(2091, 1, 11, 'B', 36, 'B-36'),
(2092, 1, 11, 'B', 37, 'B-37'),
(2093, 1, 11, 'B', 38, 'B-38'),
(2094, 1, 11, 'B', 39, 'B-39'),
(2095, 1, 11, 'B', 40, 'B-40'),
(2096, 1, 11, 'B', 41, 'B-41'),
(2097, 1, 11, 'B', 42, 'B-42'),
(2098, 1, 11, 'B', 43, 'B-43'),
(2099, 1, 11, 'B', 44, 'B-44'),
(2100, 1, 11, 'B', 45, 'B-45'),
(2101, 1, 11, 'B', 46, 'B-46'),
(2102, 1, 11, 'B', 47, 'B-47'),
(2103, 1, 11, 'B', 48, 'B-48'),
(2104, 1, 11, 'B', 49, 'B-49'),
(2105, 1, 11, 'B', 50, 'B-50'),
(2106, 1, 11, 'C', 1, 'C-1'),
(2107, 1, 11, 'C', 2, 'C-2'),
(2108, 1, 11, 'C', 3, 'C-3'),
(2109, 1, 11, 'C', 4, 'C-4'),
(2110, 1, 11, 'C', 5, 'C-5'),
(2111, 1, 11, 'C', 6, 'C-6'),
(2112, 1, 11, 'C', 7, 'C-7'),
(2113, 1, 11, 'C', 8, 'C-8'),
(2114, 1, 11, 'C', 9, 'C-9'),
(2115, 1, 11, 'C', 10, 'C-10'),
(2116, 1, 11, 'C', 11, 'C-11'),
(2117, 1, 11, 'C', 12, 'C-12'),
(2118, 1, 11, 'C', 13, 'C-13'),
(2119, 1, 11, 'C', 14, 'C-14'),
(2120, 1, 11, 'C', 15, 'C-15'),
(2121, 1, 11, 'C', 16, 'C-16'),
(2122, 1, 11, 'C', 17, 'C-17'),
(2123, 1, 11, 'C', 18, 'C-18'),
(2124, 1, 11, 'C', 19, 'C-19'),
(2125, 1, 11, 'C', 20, 'C-20'),
(2126, 1, 11, 'C', 21, 'C-21'),
(2127, 1, 11, 'C', 22, 'C-22'),
(2128, 1, 11, 'C', 23, 'C-23'),
(2129, 1, 11, 'C', 24, 'C-24'),
(2130, 1, 11, 'C', 25, 'C-25'),
(2131, 1, 11, 'C', 26, 'C-26'),
(2132, 1, 11, 'C', 27, 'C-27'),
(2133, 1, 11, 'C', 28, 'C-28'),
(2134, 1, 11, 'C', 29, 'C-29'),
(2135, 1, 11, 'C', 30, 'C-30'),
(2136, 1, 11, 'C', 31, 'C-31'),
(2137, 1, 11, 'C', 32, 'C-32'),
(2138, 1, 11, 'C', 33, 'C-33'),
(2139, 1, 11, 'C', 34, 'C-34'),
(2140, 1, 11, 'C', 35, 'C-35'),
(2141, 1, 11, 'C', 36, 'C-36'),
(2142, 1, 11, 'C', 37, 'C-37'),
(2143, 1, 11, 'C', 38, 'C-38'),
(2144, 1, 11, 'C', 39, 'C-39'),
(2145, 1, 11, 'C', 40, 'C-40'),
(2146, 1, 11, 'C', 41, 'C-41'),
(2147, 1, 11, 'C', 42, 'C-42'),
(2148, 1, 11, 'C', 43, 'C-43'),
(2149, 1, 11, 'C', 44, 'C-44'),
(2150, 1, 11, 'C', 45, 'C-45'),
(2151, 1, 11, 'C', 46, 'C-46'),
(2152, 1, 11, 'C', 47, 'C-47'),
(2153, 1, 11, 'C', 48, 'C-48'),
(2154, 1, 11, 'C', 49, 'C-49'),
(2155, 1, 11, 'C', 50, 'C-50'),
(2156, 1, 36, 'A', 1, 'A-1'),
(2157, 1, 36, 'A', 2, 'A-2'),
(2158, 1, 36, 'A', 3, 'A-3'),
(2159, 1, 36, 'A', 4, 'A-4'),
(2160, 1, 36, 'A', 5, 'A-5'),
(2161, 1, 36, 'A', 6, 'A-6'),
(2162, 1, 36, 'A', 7, 'A-7'),
(2163, 1, 36, 'A', 8, 'A-8'),
(2164, 1, 36, 'A', 9, 'A-9'),
(2165, 1, 36, 'A', 10, 'A-10'),
(2166, 1, 36, 'A', 11, 'A-11'),
(2167, 1, 36, 'A', 12, 'A-12'),
(2168, 1, 36, 'A', 13, 'A-13'),
(2169, 1, 36, 'A', 14, 'A-14'),
(2170, 1, 36, 'A', 15, 'A-15'),
(2171, 1, 36, 'A', 16, 'A-16'),
(2172, 1, 36, 'A', 17, 'A-17'),
(2173, 1, 36, 'A', 18, 'A-18'),
(2174, 1, 36, 'A', 19, 'A-19'),
(2175, 1, 36, 'A', 20, 'A-20'),
(2176, 1, 36, 'A', 21, 'A-21'),
(2177, 1, 36, 'A', 22, 'A-22'),
(2178, 1, 36, 'A', 23, 'A-23'),
(2179, 1, 36, 'A', 24, 'A-24'),
(2180, 1, 36, 'A', 25, 'A-25'),
(2181, 1, 36, 'A', 26, 'A-26'),
(2182, 1, 36, 'A', 27, 'A-27'),
(2183, 1, 36, 'A', 28, 'A-28'),
(2184, 1, 36, 'A', 29, 'A-29'),
(2185, 1, 36, 'A', 30, 'A-30'),
(2186, 1, 36, 'A', 31, 'A-31'),
(2187, 1, 36, 'A', 32, 'A-32'),
(2188, 1, 36, 'A', 33, 'A-33'),
(2189, 1, 36, 'A', 34, 'A-34'),
(2190, 1, 36, 'A', 35, 'A-35'),
(2191, 1, 36, 'A', 36, 'A-36'),
(2192, 1, 36, 'A', 37, 'A-37'),
(2193, 1, 36, 'A', 38, 'A-38'),
(2194, 1, 36, 'A', 39, 'A-39'),
(2195, 1, 36, 'A', 40, 'A-40'),
(2196, 1, 36, 'A', 41, 'A-41'),
(2197, 1, 36, 'A', 42, 'A-42'),
(2198, 1, 36, 'A', 43, 'A-43'),
(2199, 1, 36, 'A', 44, 'A-44'),
(2200, 1, 36, 'A', 45, 'A-45'),
(2201, 1, 36, 'A', 46, 'A-46'),
(2202, 1, 36, 'A', 47, 'A-47'),
(2203, 1, 36, 'A', 48, 'A-48'),
(2204, 1, 36, 'A', 49, 'A-49'),
(2205, 1, 36, 'A', 50, 'A-50'),
(2206, 1, 36, 'B', 1, 'B-1'),
(2207, 1, 36, 'B', 2, 'B-2'),
(2208, 1, 36, 'B', 3, 'B-3'),
(2209, 1, 36, 'B', 4, 'B-4'),
(2210, 1, 36, 'B', 5, 'B-5'),
(2211, 1, 36, 'B', 6, 'B-6'),
(2212, 1, 36, 'B', 7, 'B-7'),
(2213, 1, 36, 'B', 8, 'B-8'),
(2214, 1, 36, 'B', 9, 'B-9'),
(2215, 1, 36, 'B', 10, 'B-10'),
(2216, 1, 36, 'B', 11, 'B-11'),
(2217, 1, 36, 'B', 12, 'B-12'),
(2218, 1, 36, 'B', 13, 'B-13'),
(2219, 1, 36, 'B', 14, 'B-14'),
(2220, 1, 36, 'B', 15, 'B-15'),
(2221, 1, 36, 'B', 16, 'B-16'),
(2222, 1, 36, 'B', 17, 'B-17'),
(2223, 1, 36, 'B', 18, 'B-18'),
(2224, 1, 36, 'B', 19, 'B-19'),
(2225, 1, 36, 'B', 20, 'B-20'),
(2226, 1, 36, 'B', 21, 'B-21'),
(2227, 1, 36, 'B', 22, 'B-22'),
(2228, 1, 36, 'B', 23, 'B-23'),
(2229, 1, 36, 'B', 24, 'B-24'),
(2230, 1, 36, 'B', 25, 'B-25'),
(2231, 1, 36, 'B', 26, 'B-26'),
(2232, 1, 36, 'B', 27, 'B-27'),
(2233, 1, 36, 'B', 28, 'B-28'),
(2234, 1, 36, 'B', 29, 'B-29'),
(2235, 1, 36, 'B', 30, 'B-30'),
(2236, 1, 36, 'B', 31, 'B-31'),
(2237, 1, 36, 'B', 32, 'B-32'),
(2238, 1, 36, 'B', 33, 'B-33'),
(2239, 1, 36, 'B', 34, 'B-34'),
(2240, 1, 36, 'B', 35, 'B-35'),
(2241, 1, 36, 'B', 36, 'B-36'),
(2242, 1, 36, 'B', 37, 'B-37'),
(2243, 1, 36, 'B', 38, 'B-38'),
(2244, 1, 36, 'B', 39, 'B-39'),
(2245, 1, 36, 'B', 40, 'B-40'),
(2246, 1, 36, 'B', 41, 'B-41'),
(2247, 1, 36, 'B', 42, 'B-42'),
(2248, 1, 36, 'B', 43, 'B-43'),
(2249, 1, 36, 'B', 44, 'B-44'),
(2250, 1, 36, 'B', 45, 'B-45'),
(2251, 1, 36, 'B', 46, 'B-46'),
(2252, 1, 36, 'B', 47, 'B-47'),
(2253, 1, 36, 'B', 48, 'B-48'),
(2254, 1, 36, 'B', 49, 'B-49'),
(2255, 1, 36, 'B', 50, 'B-50'),
(2256, 1, 36, 'C', 1, 'C-1'),
(2257, 1, 36, 'C', 2, 'C-2'),
(2258, 1, 36, 'C', 3, 'C-3'),
(2259, 1, 36, 'C', 4, 'C-4'),
(2260, 1, 36, 'C', 5, 'C-5'),
(2261, 1, 36, 'C', 6, 'C-6'),
(2262, 1, 36, 'C', 7, 'C-7'),
(2263, 1, 36, 'C', 8, 'C-8'),
(2264, 1, 36, 'C', 9, 'C-9'),
(2265, 1, 36, 'C', 10, 'C-10'),
(2266, 1, 36, 'C', 11, 'C-11'),
(2267, 1, 36, 'C', 12, 'C-12'),
(2268, 1, 36, 'C', 13, 'C-13'),
(2269, 1, 36, 'C', 14, 'C-14'),
(2270, 1, 36, 'C', 15, 'C-15'),
(2271, 1, 36, 'C', 16, 'C-16'),
(2272, 1, 36, 'C', 17, 'C-17'),
(2273, 1, 36, 'C', 18, 'C-18'),
(2274, 1, 36, 'C', 19, 'C-19'),
(2275, 1, 36, 'C', 20, 'C-20'),
(2276, 1, 36, 'C', 21, 'C-21'),
(2277, 1, 36, 'C', 22, 'C-22'),
(2278, 1, 36, 'C', 23, 'C-23'),
(2279, 1, 36, 'C', 24, 'C-24'),
(2280, 1, 36, 'C', 25, 'C-25'),
(2281, 1, 36, 'C', 26, 'C-26'),
(2282, 1, 36, 'C', 27, 'C-27'),
(2283, 1, 36, 'C', 28, 'C-28'),
(2284, 1, 36, 'C', 29, 'C-29'),
(2285, 1, 36, 'C', 30, 'C-30'),
(2286, 1, 36, 'C', 31, 'C-31'),
(2287, 1, 36, 'C', 32, 'C-32'),
(2288, 1, 36, 'C', 33, 'C-33'),
(2289, 1, 36, 'C', 34, 'C-34'),
(2290, 1, 36, 'C', 35, 'C-35'),
(2291, 1, 36, 'C', 36, 'C-36'),
(2292, 1, 36, 'C', 37, 'C-37'),
(2293, 1, 36, 'C', 38, 'C-38'),
(2294, 1, 36, 'C', 39, 'C-39'),
(2295, 1, 36, 'C', 40, 'C-40'),
(2296, 1, 36, 'C', 41, 'C-41'),
(2297, 1, 36, 'C', 42, 'C-42'),
(2298, 1, 36, 'C', 43, 'C-43'),
(2299, 1, 36, 'C', 44, 'C-44'),
(2300, 1, 36, 'C', 45, 'C-45'),
(2301, 1, 36, 'C', 46, 'C-46'),
(2302, 1, 36, 'C', 47, 'C-47'),
(2303, 1, 36, 'C', 48, 'C-48'),
(2304, 1, 36, 'C', 49, 'C-49'),
(2305, 1, 36, 'C', 50, 'C-50'),
(2306, 1, 36, 'D', 1, 'D-1'),
(2307, 1, 36, 'D', 2, 'D-2'),
(2308, 1, 36, 'D', 3, 'D-3'),
(2309, 1, 36, 'D', 4, 'D-4'),
(2310, 1, 36, 'D', 5, 'D-5'),
(2311, 1, 36, 'D', 6, 'D-6'),
(2312, 1, 36, 'D', 7, 'D-7'),
(2313, 1, 36, 'D', 8, 'D-8'),
(2314, 1, 36, 'D', 9, 'D-9'),
(2315, 1, 36, 'D', 10, 'D-10'),
(2316, 1, 36, 'D', 11, 'D-11'),
(2317, 1, 36, 'D', 12, 'D-12'),
(2318, 1, 36, 'D', 13, 'D-13'),
(2319, 1, 36, 'D', 14, 'D-14'),
(2320, 1, 36, 'D', 15, 'D-15'),
(2321, 1, 36, 'D', 16, 'D-16'),
(2322, 1, 36, 'D', 17, 'D-17'),
(2323, 1, 36, 'D', 18, 'D-18'),
(2324, 1, 36, 'D', 19, 'D-19'),
(2325, 1, 36, 'D', 20, 'D-20'),
(2326, 1, 36, 'D', 21, 'D-21'),
(2327, 1, 36, 'D', 22, 'D-22'),
(2328, 1, 36, 'D', 23, 'D-23'),
(2329, 1, 36, 'D', 24, 'D-24'),
(2330, 1, 36, 'D', 25, 'D-25'),
(2331, 1, 36, 'D', 26, 'D-26'),
(2332, 1, 36, 'D', 27, 'D-27'),
(2333, 1, 36, 'D', 28, 'D-28'),
(2334, 1, 36, 'D', 29, 'D-29'),
(2335, 1, 36, 'D', 30, 'D-30'),
(2336, 1, 36, 'D', 31, 'D-31'),
(2337, 1, 36, 'D', 32, 'D-32'),
(2338, 1, 36, 'D', 33, 'D-33'),
(2339, 1, 36, 'D', 34, 'D-34'),
(2340, 1, 36, 'D', 35, 'D-35'),
(2341, 1, 36, 'D', 36, 'D-36'),
(2342, 1, 36, 'D', 37, 'D-37'),
(2343, 1, 36, 'D', 38, 'D-38'),
(2344, 1, 36, 'D', 39, 'D-39'),
(2345, 1, 36, 'D', 40, 'D-40'),
(2346, 1, 36, 'D', 41, 'D-41'),
(2347, 1, 36, 'D', 42, 'D-42'),
(2348, 1, 36, 'D', 43, 'D-43'),
(2349, 1, 36, 'D', 44, 'D-44'),
(2350, 1, 36, 'D', 45, 'D-45'),
(2351, 1, 36, 'D', 46, 'D-46'),
(2352, 1, 36, 'D', 47, 'D-47'),
(2353, 1, 36, 'D', 48, 'D-48'),
(2354, 1, 36, 'D', 49, 'D-49'),
(2355, 1, 36, 'D', 50, 'D-50'),
(2356, 1, 36, 'E', 1, 'E-1'),
(2357, 1, 36, 'E', 2, 'E-2'),
(2358, 1, 36, 'E', 3, 'E-3'),
(2359, 1, 36, 'E', 4, 'E-4'),
(2360, 1, 36, 'E', 5, 'E-5'),
(2361, 1, 36, 'E', 6, 'E-6'),
(2362, 1, 36, 'E', 7, 'E-7'),
(2363, 1, 36, 'E', 8, 'E-8'),
(2364, 1, 36, 'E', 9, 'E-9'),
(2365, 1, 36, 'E', 10, 'E-10'),
(2366, 1, 36, 'E', 11, 'E-11'),
(2367, 1, 36, 'E', 12, 'E-12'),
(2368, 1, 36, 'E', 13, 'E-13'),
(2369, 1, 36, 'E', 14, 'E-14'),
(2370, 1, 36, 'E', 15, 'E-15'),
(2371, 1, 36, 'E', 16, 'E-16'),
(2372, 1, 36, 'E', 17, 'E-17'),
(2373, 1, 36, 'E', 18, 'E-18'),
(2374, 1, 36, 'E', 19, 'E-19'),
(2375, 1, 36, 'E', 20, 'E-20'),
(2376, 1, 36, 'E', 21, 'E-21'),
(2377, 1, 36, 'E', 22, 'E-22'),
(2378, 1, 36, 'E', 23, 'E-23'),
(2379, 1, 36, 'E', 24, 'E-24'),
(2380, 1, 36, 'E', 25, 'E-25'),
(2381, 1, 36, 'E', 26, 'E-26'),
(2382, 1, 36, 'E', 27, 'E-27'),
(2383, 1, 36, 'E', 28, 'E-28'),
(2384, 1, 36, 'E', 29, 'E-29'),
(2385, 1, 36, 'E', 30, 'E-30'),
(2386, 1, 36, 'E', 31, 'E-31'),
(2387, 1, 36, 'E', 32, 'E-32'),
(2388, 1, 36, 'E', 33, 'E-33'),
(2389, 1, 36, 'E', 34, 'E-34'),
(2390, 1, 36, 'E', 35, 'E-35'),
(2391, 1, 36, 'E', 36, 'E-36'),
(2392, 1, 36, 'E', 37, 'E-37'),
(2393, 1, 36, 'E', 38, 'E-38'),
(2394, 1, 36, 'E', 39, 'E-39'),
(2395, 1, 36, 'E', 40, 'E-40'),
(2396, 1, 36, 'E', 41, 'E-41'),
(2397, 1, 36, 'E', 42, 'E-42'),
(2398, 1, 36, 'E', 43, 'E-43'),
(2399, 1, 36, 'E', 44, 'E-44'),
(2400, 1, 36, 'E', 45, 'E-45'),
(2401, 1, 36, 'E', 46, 'E-46'),
(2402, 1, 36, 'E', 47, 'E-47'),
(2403, 1, 36, 'E', 48, 'E-48'),
(2404, 1, 36, 'E', 49, 'E-49'),
(2405, 1, 36, 'E', 50, 'E-50'),
(2406, 1, 36, 'F', 1, 'F-1'),
(2407, 1, 36, 'F', 2, 'F-2'),
(2408, 1, 36, 'F', 3, 'F-3'),
(2409, 1, 36, 'F', 4, 'F-4'),
(2410, 1, 36, 'F', 5, 'F-5'),
(2411, 1, 36, 'F', 6, 'F-6'),
(2412, 1, 36, 'F', 7, 'F-7'),
(2413, 1, 36, 'F', 8, 'F-8'),
(2414, 1, 36, 'F', 9, 'F-9'),
(2415, 1, 36, 'F', 10, 'F-10'),
(2416, 1, 36, 'F', 11, 'F-11'),
(2417, 1, 36, 'F', 12, 'F-12'),
(2418, 1, 36, 'F', 13, 'F-13'),
(2419, 1, 36, 'F', 14, 'F-14'),
(2420, 1, 36, 'F', 15, 'F-15'),
(2421, 1, 36, 'F', 16, 'F-16'),
(2422, 1, 36, 'F', 17, 'F-17'),
(2423, 1, 36, 'F', 18, 'F-18'),
(2424, 1, 36, 'F', 19, 'F-19'),
(2425, 1, 36, 'F', 20, 'F-20'),
(2426, 1, 36, 'F', 21, 'F-21'),
(2427, 1, 36, 'F', 22, 'F-22'),
(2428, 1, 36, 'F', 23, 'F-23'),
(2429, 1, 36, 'F', 24, 'F-24'),
(2430, 1, 36, 'F', 25, 'F-25'),
(2431, 1, 36, 'F', 26, 'F-26'),
(2432, 1, 36, 'F', 27, 'F-27'),
(2433, 1, 36, 'F', 28, 'F-28'),
(2434, 1, 36, 'F', 29, 'F-29'),
(2435, 1, 36, 'F', 30, 'F-30'),
(2436, 1, 36, 'F', 31, 'F-31'),
(2437, 1, 36, 'F', 32, 'F-32'),
(2438, 1, 36, 'F', 33, 'F-33'),
(2439, 1, 36, 'F', 34, 'F-34'),
(2440, 1, 36, 'F', 35, 'F-35'),
(2441, 1, 36, 'F', 36, 'F-36'),
(2442, 1, 36, 'F', 37, 'F-37'),
(2443, 1, 36, 'F', 38, 'F-38'),
(2444, 1, 36, 'F', 39, 'F-39'),
(2445, 1, 36, 'F', 40, 'F-40'),
(2446, 1, 36, 'F', 41, 'F-41'),
(2447, 1, 36, 'F', 42, 'F-42'),
(2448, 1, 36, 'F', 43, 'F-43'),
(2449, 1, 36, 'F', 44, 'F-44'),
(2450, 1, 36, 'F', 45, 'F-45'),
(2451, 1, 36, 'F', 46, 'F-46'),
(2452, 1, 36, 'F', 47, 'F-47'),
(2453, 1, 36, 'F', 48, 'F-48'),
(2454, 1, 36, 'F', 49, 'F-49'),
(2455, 1, 36, 'F', 50, 'F-50'),
(2456, 1, 36, 'G', 1, 'G-1'),
(2457, 1, 36, 'G', 2, 'G-2'),
(2458, 1, 36, 'G', 3, 'G-3'),
(2459, 1, 36, 'G', 4, 'G-4'),
(2460, 1, 36, 'G', 5, 'G-5'),
(2461, 1, 36, 'G', 6, 'G-6'),
(2462, 1, 36, 'G', 7, 'G-7'),
(2463, 1, 36, 'G', 8, 'G-8'),
(2464, 1, 36, 'G', 9, 'G-9'),
(2465, 1, 36, 'G', 10, 'G-10'),
(2466, 1, 36, 'G', 11, 'G-11'),
(2467, 1, 36, 'G', 12, 'G-12'),
(2468, 1, 36, 'G', 13, 'G-13'),
(2469, 1, 36, 'G', 14, 'G-14'),
(2470, 1, 36, 'G', 15, 'G-15'),
(2471, 1, 36, 'G', 16, 'G-16'),
(2472, 1, 36, 'G', 17, 'G-17'),
(2473, 1, 36, 'G', 18, 'G-18'),
(2474, 1, 36, 'G', 19, 'G-19'),
(2475, 1, 36, 'G', 20, 'G-20'),
(2476, 1, 36, 'G', 21, 'G-21'),
(2477, 1, 36, 'G', 22, 'G-22'),
(2478, 1, 36, 'G', 23, 'G-23'),
(2479, 1, 36, 'G', 24, 'G-24'),
(2480, 1, 36, 'G', 25, 'G-25'),
(2481, 1, 36, 'G', 26, 'G-26'),
(2482, 1, 36, 'G', 27, 'G-27'),
(2483, 1, 36, 'G', 28, 'G-28'),
(2484, 1, 36, 'G', 29, 'G-29'),
(2485, 1, 36, 'G', 30, 'G-30'),
(2486, 1, 36, 'G', 31, 'G-31'),
(2487, 1, 36, 'G', 32, 'G-32'),
(2488, 1, 36, 'G', 33, 'G-33'),
(2489, 1, 36, 'G', 34, 'G-34'),
(2490, 1, 36, 'G', 35, 'G-35'),
(2491, 1, 36, 'G', 36, 'G-36'),
(2492, 1, 36, 'G', 37, 'G-37'),
(2493, 1, 36, 'G', 38, 'G-38'),
(2494, 1, 36, 'G', 39, 'G-39'),
(2495, 1, 36, 'G', 40, 'G-40'),
(2496, 1, 36, 'G', 41, 'G-41'),
(2497, 1, 36, 'G', 42, 'G-42'),
(2498, 1, 36, 'G', 43, 'G-43'),
(2499, 1, 36, 'G', 44, 'G-44'),
(2500, 1, 36, 'G', 45, 'G-45'),
(2501, 1, 36, 'G', 46, 'G-46'),
(2502, 1, 36, 'G', 47, 'G-47'),
(2503, 1, 36, 'G', 48, 'G-48'),
(2504, 1, 36, 'G', 49, 'G-49'),
(2505, 1, 36, 'G', 50, 'G-50'),
(2506, 1, 36, 'H', 1, 'H-1'),
(2507, 1, 36, 'H', 2, 'H-2'),
(2508, 1, 36, 'H', 3, 'H-3'),
(2509, 1, 36, 'H', 4, 'H-4'),
(2510, 1, 36, 'H', 5, 'H-5'),
(2511, 1, 36, 'H', 6, 'H-6'),
(2512, 1, 36, 'H', 7, 'H-7'),
(2513, 1, 36, 'H', 8, 'H-8'),
(2514, 1, 36, 'H', 9, 'H-9'),
(2515, 1, 36, 'H', 10, 'H-10'),
(2516, 1, 36, 'H', 11, 'H-11'),
(2517, 1, 36, 'H', 12, 'H-12'),
(2518, 1, 36, 'H', 13, 'H-13'),
(2519, 1, 36, 'H', 14, 'H-14'),
(2520, 1, 36, 'H', 15, 'H-15'),
(2521, 1, 36, 'H', 16, 'H-16'),
(2522, 1, 36, 'H', 17, 'H-17'),
(2523, 1, 36, 'H', 18, 'H-18'),
(2524, 1, 36, 'H', 19, 'H-19'),
(2525, 1, 36, 'H', 20, 'H-20'),
(2526, 1, 36, 'H', 21, 'H-21'),
(2527, 1, 36, 'H', 22, 'H-22'),
(2528, 1, 36, 'H', 23, 'H-23'),
(2529, 1, 36, 'H', 24, 'H-24'),
(2530, 1, 36, 'H', 25, 'H-25'),
(2531, 1, 36, 'H', 26, 'H-26'),
(2532, 1, 36, 'H', 27, 'H-27'),
(2533, 1, 36, 'H', 28, 'H-28'),
(2534, 1, 36, 'H', 29, 'H-29'),
(2535, 1, 36, 'H', 30, 'H-30'),
(2536, 1, 36, 'H', 31, 'H-31'),
(2537, 1, 36, 'H', 32, 'H-32'),
(2538, 1, 36, 'H', 33, 'H-33'),
(2539, 1, 36, 'H', 34, 'H-34'),
(2540, 1, 36, 'H', 35, 'H-35'),
(2541, 1, 36, 'H', 36, 'H-36'),
(2542, 1, 36, 'H', 37, 'H-37'),
(2543, 1, 36, 'H', 38, 'H-38'),
(2544, 1, 36, 'H', 39, 'H-39'),
(2545, 1, 36, 'H', 40, 'H-40'),
(2546, 1, 36, 'H', 41, 'H-41'),
(2547, 1, 36, 'H', 42, 'H-42'),
(2548, 1, 36, 'H', 43, 'H-43'),
(2549, 1, 36, 'H', 44, 'H-44'),
(2550, 1, 36, 'H', 45, 'H-45'),
(2551, 1, 36, 'H', 46, 'H-46'),
(2552, 1, 36, 'H', 47, 'H-47'),
(2553, 1, 36, 'H', 48, 'H-48'),
(2554, 1, 36, 'H', 49, 'H-49'),
(2555, 1, 36, 'H', 50, 'H-50'),
(2556, 1, 37, 'A', 1, 'A-1'),
(2557, 1, 37, 'A', 2, 'A-2'),
(2558, 1, 37, 'A', 3, 'A-3'),
(2559, 1, 37, 'A', 4, 'A-4'),
(2560, 1, 37, 'A', 5, 'A-5'),
(2561, 1, 37, 'A', 6, 'A-6'),
(2562, 1, 37, 'A', 7, 'A-7'),
(2563, 1, 37, 'A', 8, 'A-8'),
(2564, 1, 37, 'A', 9, 'A-9'),
(2565, 1, 37, 'A', 10, 'A-10'),
(2566, 1, 37, 'A', 11, 'A-11'),
(2567, 1, 37, 'A', 12, 'A-12'),
(2568, 1, 37, 'A', 13, 'A-13'),
(2569, 1, 37, 'A', 14, 'A-14'),
(2570, 1, 37, 'A', 15, 'A-15'),
(2571, 1, 37, 'A', 16, 'A-16'),
(2572, 1, 37, 'A', 17, 'A-17'),
(2573, 1, 37, 'A', 18, 'A-18'),
(2574, 1, 37, 'A', 19, 'A-19'),
(2575, 1, 37, 'A', 20, 'A-20'),
(2576, 1, 37, 'A', 21, 'A-21'),
(2577, 1, 37, 'A', 22, 'A-22'),
(2578, 1, 37, 'A', 23, 'A-23'),
(2579, 1, 37, 'A', 24, 'A-24'),
(2580, 1, 37, 'A', 25, 'A-25'),
(2581, 1, 37, 'A', 26, 'A-26'),
(2582, 1, 37, 'A', 27, 'A-27'),
(2583, 1, 37, 'A', 28, 'A-28'),
(2584, 1, 37, 'A', 29, 'A-29'),
(2585, 1, 37, 'A', 30, 'A-30'),
(2586, 1, 37, 'B', 1, 'B-1'),
(2587, 1, 37, 'B', 2, 'B-2'),
(2588, 1, 37, 'B', 3, 'B-3'),
(2589, 1, 37, 'B', 4, 'B-4'),
(2590, 1, 37, 'B', 5, 'B-5'),
(2591, 1, 37, 'B', 6, 'B-6'),
(2592, 1, 37, 'B', 7, 'B-7'),
(2593, 1, 37, 'B', 8, 'B-8'),
(2594, 1, 37, 'B', 9, 'B-9'),
(2595, 1, 37, 'B', 10, 'B-10'),
(2596, 1, 37, 'B', 11, 'B-11'),
(2597, 1, 37, 'B', 12, 'B-12'),
(2598, 1, 37, 'B', 13, 'B-13'),
(2599, 1, 37, 'B', 14, 'B-14'),
(2600, 1, 37, 'B', 15, 'B-15'),
(2601, 1, 37, 'B', 16, 'B-16'),
(2602, 1, 37, 'B', 17, 'B-17'),
(2603, 1, 37, 'B', 18, 'B-18'),
(2604, 1, 37, 'B', 19, 'B-19'),
(2605, 1, 37, 'B', 20, 'B-20'),
(2606, 1, 37, 'B', 21, 'B-21'),
(2607, 1, 37, 'B', 22, 'B-22'),
(2608, 1, 37, 'B', 23, 'B-23'),
(2609, 1, 37, 'B', 24, 'B-24'),
(2610, 1, 37, 'B', 25, 'B-25'),
(2611, 1, 37, 'B', 26, 'B-26'),
(2612, 1, 37, 'B', 27, 'B-27'),
(2613, 1, 37, 'B', 28, 'B-28'),
(2614, 1, 37, 'B', 29, 'B-29'),
(2615, 1, 37, 'B', 30, 'B-30'),
(2616, 1, 37, 'C', 1, 'C-1'),
(2617, 1, 37, 'C', 2, 'C-2'),
(2618, 1, 37, 'C', 3, 'C-3'),
(2619, 1, 37, 'C', 4, 'C-4'),
(2620, 1, 37, 'C', 5, 'C-5'),
(2621, 1, 37, 'C', 6, 'C-6'),
(2622, 1, 37, 'C', 7, 'C-7'),
(2623, 1, 37, 'C', 8, 'C-8'),
(2624, 1, 37, 'C', 9, 'C-9'),
(2625, 1, 37, 'C', 10, 'C-10'),
(2626, 1, 37, 'C', 11, 'C-11'),
(2627, 1, 37, 'C', 12, 'C-12'),
(2628, 1, 37, 'C', 13, 'C-13'),
(2629, 1, 37, 'C', 14, 'C-14'),
(2630, 1, 37, 'C', 15, 'C-15'),
(2631, 1, 37, 'C', 16, 'C-16'),
(2632, 1, 37, 'C', 17, 'C-17'),
(2633, 1, 37, 'C', 18, 'C-18'),
(2634, 1, 37, 'C', 19, 'C-19'),
(2635, 1, 37, 'C', 20, 'C-20'),
(2636, 1, 37, 'C', 21, 'C-21'),
(2637, 1, 37, 'C', 22, 'C-22'),
(2638, 1, 37, 'C', 23, 'C-23'),
(2639, 1, 37, 'C', 24, 'C-24'),
(2640, 1, 37, 'C', 25, 'C-25'),
(2641, 1, 37, 'C', 26, 'C-26'),
(2642, 1, 37, 'C', 27, 'C-27'),
(2643, 1, 37, 'C', 28, 'C-28'),
(2644, 1, 37, 'C', 29, 'C-29'),
(2645, 1, 37, 'C', 30, 'C-30'),
(2646, 1, 37, 'D', 1, 'D-1'),
(2647, 1, 37, 'D', 2, 'D-2'),
(2648, 1, 37, 'D', 3, 'D-3'),
(2649, 1, 37, 'D', 4, 'D-4'),
(2650, 1, 37, 'D', 5, 'D-5'),
(2651, 1, 37, 'D', 6, 'D-6'),
(2652, 1, 37, 'D', 7, 'D-7'),
(2653, 1, 37, 'D', 8, 'D-8'),
(2654, 1, 37, 'D', 9, 'D-9'),
(2655, 1, 37, 'D', 10, 'D-10'),
(2656, 1, 37, 'D', 11, 'D-11'),
(2657, 1, 37, 'D', 12, 'D-12'),
(2658, 1, 37, 'D', 13, 'D-13'),
(2659, 1, 37, 'D', 14, 'D-14'),
(2660, 1, 37, 'D', 15, 'D-15'),
(2661, 1, 37, 'D', 16, 'D-16'),
(2662, 1, 37, 'D', 17, 'D-17'),
(2663, 1, 37, 'D', 18, 'D-18'),
(2664, 1, 37, 'D', 19, 'D-19'),
(2665, 1, 37, 'D', 20, 'D-20'),
(2666, 1, 37, 'D', 21, 'D-21'),
(2667, 1, 37, 'D', 22, 'D-22'),
(2668, 1, 37, 'D', 23, 'D-23'),
(2669, 1, 37, 'D', 24, 'D-24'),
(2670, 1, 37, 'D', 25, 'D-25'),
(2671, 1, 37, 'D', 26, 'D-26'),
(2672, 1, 37, 'D', 27, 'D-27'),
(2673, 1, 37, 'D', 28, 'D-28'),
(2674, 1, 37, 'D', 29, 'D-29'),
(2675, 1, 37, 'D', 30, 'D-30'),
(2676, 1, 37, 'E', 1, 'E-1'),
(2677, 1, 37, 'E', 2, 'E-2'),
(2678, 1, 37, 'E', 3, 'E-3'),
(2679, 1, 37, 'E', 4, 'E-4'),
(2680, 1, 37, 'E', 5, 'E-5'),
(2681, 1, 37, 'E', 6, 'E-6'),
(2682, 1, 37, 'E', 7, 'E-7'),
(2683, 1, 37, 'E', 8, 'E-8'),
(2684, 1, 37, 'E', 9, 'E-9'),
(2685, 1, 37, 'E', 10, 'E-10'),
(2686, 1, 37, 'E', 11, 'E-11'),
(2687, 1, 37, 'E', 12, 'E-12'),
(2688, 1, 37, 'E', 13, 'E-13'),
(2689, 1, 37, 'E', 14, 'E-14'),
(2690, 1, 37, 'E', 15, 'E-15'),
(2691, 1, 37, 'E', 16, 'E-16'),
(2692, 1, 37, 'E', 17, 'E-17'),
(2693, 1, 37, 'E', 18, 'E-18'),
(2694, 1, 37, 'E', 19, 'E-19'),
(2695, 1, 37, 'E', 20, 'E-20'),
(2696, 1, 37, 'E', 21, 'E-21'),
(2697, 1, 37, 'E', 22, 'E-22'),
(2698, 1, 37, 'E', 23, 'E-23'),
(2699, 1, 37, 'E', 24, 'E-24'),
(2700, 1, 37, 'E', 25, 'E-25'),
(2701, 1, 37, 'E', 26, 'E-26'),
(2702, 1, 37, 'E', 27, 'E-27'),
(2703, 1, 37, 'E', 28, 'E-28'),
(2704, 1, 37, 'E', 29, 'E-29'),
(2705, 1, 37, 'E', 30, 'E-30'),
(2706, 1, 37, 'F', 1, 'F-1'),
(2707, 1, 37, 'F', 2, 'F-2'),
(2708, 1, 37, 'F', 3, 'F-3'),
(2709, 1, 37, 'F', 4, 'F-4'),
(2710, 1, 37, 'F', 5, 'F-5'),
(2711, 1, 37, 'F', 6, 'F-6'),
(2712, 1, 37, 'F', 7, 'F-7'),
(2713, 1, 37, 'F', 8, 'F-8'),
(2714, 1, 37, 'F', 9, 'F-9'),
(2715, 1, 37, 'F', 10, 'F-10'),
(2716, 1, 37, 'F', 11, 'F-11'),
(2717, 1, 37, 'F', 12, 'F-12'),
(2718, 1, 37, 'F', 13, 'F-13'),
(2719, 1, 37, 'F', 14, 'F-14'),
(2720, 1, 37, 'F', 15, 'F-15'),
(2721, 1, 37, 'F', 16, 'F-16'),
(2722, 1, 37, 'F', 17, 'F-17'),
(2723, 1, 37, 'F', 18, 'F-18'),
(2724, 1, 37, 'F', 19, 'F-19'),
(2725, 1, 37, 'F', 20, 'F-20'),
(2726, 1, 37, 'F', 21, 'F-21'),
(2727, 1, 37, 'F', 22, 'F-22'),
(2728, 1, 37, 'F', 23, 'F-23'),
(2729, 1, 37, 'F', 24, 'F-24'),
(2730, 1, 37, 'F', 25, 'F-25'),
(2731, 1, 37, 'F', 26, 'F-26'),
(2732, 1, 37, 'F', 27, 'F-27'),
(2733, 1, 37, 'F', 28, 'F-28'),
(2734, 1, 37, 'F', 29, 'F-29'),
(2735, 1, 37, 'F', 30, 'F-30'),
(2736, 1, 37, 'G', 1, 'G-1'),
(2737, 1, 37, 'G', 2, 'G-2'),
(2738, 1, 37, 'G', 3, 'G-3'),
(2739, 1, 37, 'G', 4, 'G-4'),
(2740, 1, 37, 'G', 5, 'G-5'),
(2741, 1, 37, 'G', 6, 'G-6'),
(2742, 1, 37, 'G', 7, 'G-7'),
(2743, 1, 37, 'G', 8, 'G-8'),
(2744, 1, 37, 'G', 9, 'G-9'),
(2745, 1, 37, 'G', 10, 'G-10'),
(2746, 1, 37, 'G', 11, 'G-11'),
(2747, 1, 37, 'G', 12, 'G-12'),
(2748, 1, 37, 'G', 13, 'G-13'),
(2749, 1, 37, 'G', 14, 'G-14'),
(2750, 1, 37, 'G', 15, 'G-15'),
(2751, 1, 37, 'G', 16, 'G-16'),
(2752, 1, 37, 'G', 17, 'G-17'),
(2753, 1, 37, 'G', 18, 'G-18'),
(2754, 1, 37, 'G', 19, 'G-19'),
(2755, 1, 37, 'G', 20, 'G-20'),
(2756, 1, 37, 'G', 21, 'G-21'),
(2757, 1, 37, 'G', 22, 'G-22'),
(2758, 1, 37, 'G', 23, 'G-23'),
(2759, 1, 37, 'G', 24, 'G-24'),
(2760, 1, 37, 'G', 25, 'G-25'),
(2761, 1, 37, 'G', 26, 'G-26'),
(2762, 1, 37, 'G', 27, 'G-27'),
(2763, 1, 37, 'G', 28, 'G-28'),
(2764, 1, 37, 'G', 29, 'G-29'),
(2765, 1, 37, 'G', 30, 'G-30'),
(2766, 1, 38, 'A', 1, 'A-1'),
(2767, 1, 38, 'A', 2, 'A-2'),
(2768, 1, 38, 'A', 3, 'A-3'),
(2769, 1, 38, 'A', 4, 'A-4'),
(2770, 1, 38, 'A', 5, 'A-5'),
(2771, 1, 38, 'A', 6, 'A-6'),
(2772, 1, 38, 'A', 7, 'A-7'),
(2773, 1, 38, 'A', 8, 'A-8'),
(2774, 1, 38, 'A', 9, 'A-9'),
(2775, 1, 38, 'A', 10, 'A-10'),
(2776, 1, 38, 'A', 11, 'A-11'),
(2777, 1, 38, 'A', 12, 'A-12'),
(2778, 1, 38, 'A', 13, 'A-13'),
(2779, 1, 38, 'A', 14, 'A-14'),
(2780, 1, 38, 'A', 15, 'A-15'),
(2781, 1, 38, 'A', 16, 'A-16'),
(2782, 1, 38, 'A', 17, 'A-17'),
(2783, 1, 38, 'A', 18, 'A-18'),
(2784, 1, 38, 'A', 19, 'A-19'),
(2785, 1, 38, 'A', 20, 'A-20'),
(2786, 1, 38, 'A', 21, 'A-21'),
(2787, 1, 38, 'A', 22, 'A-22'),
(2788, 1, 38, 'A', 23, 'A-23'),
(2789, 1, 38, 'A', 24, 'A-24'),
(2790, 1, 38, 'A', 25, 'A-25'),
(2791, 1, 38, 'A', 26, 'A-26'),
(2792, 1, 38, 'A', 27, 'A-27'),
(2793, 1, 38, 'A', 28, 'A-28'),
(2794, 1, 38, 'A', 29, 'A-29'),
(2795, 1, 38, 'A', 30, 'A-30'),
(2796, 1, 38, 'A', 31, 'A-31'),
(2797, 1, 38, 'A', 32, 'A-32'),
(2798, 1, 38, 'A', 33, 'A-33'),
(2799, 1, 38, 'A', 34, 'A-34'),
(2800, 1, 38, 'A', 35, 'A-35'),
(2801, 1, 38, 'B', 1, 'B-1'),
(2802, 1, 38, 'B', 2, 'B-2'),
(2803, 1, 38, 'B', 3, 'B-3'),
(2804, 1, 38, 'B', 4, 'B-4'),
(2805, 1, 38, 'B', 5, 'B-5'),
(2806, 1, 38, 'B', 6, 'B-6'),
(2807, 1, 38, 'B', 7, 'B-7'),
(2808, 1, 38, 'B', 8, 'B-8'),
(2809, 1, 38, 'B', 9, 'B-9'),
(2810, 1, 38, 'B', 10, 'B-10'),
(2811, 1, 38, 'B', 11, 'B-11'),
(2812, 1, 38, 'B', 12, 'B-12'),
(2813, 1, 38, 'B', 13, 'B-13'),
(2814, 1, 38, 'B', 14, 'B-14'),
(2815, 1, 38, 'B', 15, 'B-15'),
(2816, 1, 38, 'B', 16, 'B-16'),
(2817, 1, 38, 'B', 17, 'B-17'),
(2818, 1, 38, 'B', 18, 'B-18'),
(2819, 1, 38, 'B', 19, 'B-19'),
(2820, 1, 38, 'B', 20, 'B-20'),
(2821, 1, 38, 'B', 21, 'B-21'),
(2822, 1, 38, 'B', 22, 'B-22'),
(2823, 1, 38, 'B', 23, 'B-23'),
(2824, 1, 38, 'B', 24, 'B-24'),
(2825, 1, 38, 'B', 25, 'B-25'),
(2826, 1, 38, 'B', 26, 'B-26'),
(2827, 1, 38, 'B', 27, 'B-27'),
(2828, 1, 38, 'B', 28, 'B-28'),
(2829, 1, 38, 'B', 29, 'B-29'),
(2830, 1, 38, 'B', 30, 'B-30'),
(2831, 1, 38, 'B', 31, 'B-31'),
(2832, 1, 38, 'B', 32, 'B-32'),
(2833, 1, 38, 'B', 33, 'B-33'),
(2834, 1, 38, 'B', 34, 'B-34'),
(2835, 1, 38, 'B', 35, 'B-35'),
(2836, 1, 38, 'C', 1, 'C-1'),
(2837, 1, 38, 'C', 2, 'C-2'),
(2838, 1, 38, 'C', 3, 'C-3'),
(2839, 1, 38, 'C', 4, 'C-4'),
(2840, 1, 38, 'C', 5, 'C-5'),
(2841, 1, 38, 'C', 6, 'C-6'),
(2842, 1, 38, 'C', 7, 'C-7'),
(2843, 1, 38, 'C', 8, 'C-8'),
(2844, 1, 38, 'C', 9, 'C-9'),
(2845, 1, 38, 'C', 10, 'C-10'),
(2846, 1, 38, 'C', 11, 'C-11'),
(2847, 1, 38, 'C', 12, 'C-12'),
(2848, 1, 38, 'C', 13, 'C-13'),
(2849, 1, 38, 'C', 14, 'C-14'),
(2850, 1, 38, 'C', 15, 'C-15'),
(2851, 1, 38, 'C', 16, 'C-16'),
(2852, 1, 38, 'C', 17, 'C-17'),
(2853, 1, 38, 'C', 18, 'C-18'),
(2854, 1, 38, 'C', 19, 'C-19'),
(2855, 1, 38, 'C', 20, 'C-20'),
(2856, 1, 38, 'C', 21, 'C-21'),
(2857, 1, 38, 'C', 22, 'C-22'),
(2858, 1, 38, 'C', 23, 'C-23'),
(2859, 1, 38, 'C', 24, 'C-24'),
(2860, 1, 38, 'C', 25, 'C-25'),
(2861, 1, 38, 'C', 26, 'C-26'),
(2862, 1, 38, 'C', 27, 'C-27'),
(2863, 1, 38, 'C', 28, 'C-28'),
(2864, 1, 38, 'C', 29, 'C-29'),
(2865, 1, 38, 'C', 30, 'C-30'),
(2866, 1, 38, 'C', 31, 'C-31'),
(2867, 1, 38, 'C', 32, 'C-32'),
(2868, 1, 38, 'C', 33, 'C-33'),
(2869, 1, 38, 'C', 34, 'C-34'),
(2870, 1, 38, 'C', 35, 'C-35'),
(2871, 1, 38, 'D', 1, 'D-1'),
(2872, 1, 38, 'D', 2, 'D-2'),
(2873, 1, 38, 'D', 3, 'D-3'),
(2874, 1, 38, 'D', 4, 'D-4'),
(2875, 1, 38, 'D', 5, 'D-5'),
(2876, 1, 38, 'D', 6, 'D-6'),
(2877, 1, 38, 'D', 7, 'D-7'),
(2878, 1, 38, 'D', 8, 'D-8'),
(2879, 1, 38, 'D', 9, 'D-9'),
(2880, 1, 38, 'D', 10, 'D-10'),
(2881, 1, 38, 'D', 11, 'D-11'),
(2882, 1, 38, 'D', 12, 'D-12'),
(2883, 1, 38, 'D', 13, 'D-13'),
(2884, 1, 38, 'D', 14, 'D-14'),
(2885, 1, 38, 'D', 15, 'D-15'),
(2886, 1, 38, 'D', 16, 'D-16'),
(2887, 1, 38, 'D', 17, 'D-17'),
(2888, 1, 38, 'D', 18, 'D-18'),
(2889, 1, 38, 'D', 19, 'D-19'),
(2890, 1, 38, 'D', 20, 'D-20'),
(2891, 1, 38, 'D', 21, 'D-21'),
(2892, 1, 38, 'D', 22, 'D-22'),
(2893, 1, 38, 'D', 23, 'D-23'),
(2894, 1, 38, 'D', 24, 'D-24'),
(2895, 1, 38, 'D', 25, 'D-25'),
(2896, 1, 38, 'D', 26, 'D-26'),
(2897, 1, 38, 'D', 27, 'D-27'),
(2898, 1, 38, 'D', 28, 'D-28'),
(2899, 1, 38, 'D', 29, 'D-29'),
(2900, 1, 38, 'D', 30, 'D-30'),
(2901, 1, 38, 'D', 31, 'D-31'),
(2902, 1, 38, 'D', 32, 'D-32'),
(2903, 1, 38, 'D', 33, 'D-33'),
(2904, 1, 38, 'D', 34, 'D-34'),
(2905, 1, 38, 'D', 35, 'D-35'),
(2906, 1, 38, 'E', 1, 'E-1'),
(2907, 1, 38, 'E', 2, 'E-2'),
(2908, 1, 38, 'E', 3, 'E-3'),
(2909, 1, 38, 'E', 4, 'E-4'),
(2910, 1, 38, 'E', 5, 'E-5'),
(2911, 1, 38, 'E', 6, 'E-6'),
(2912, 1, 38, 'E', 7, 'E-7'),
(2913, 1, 38, 'E', 8, 'E-8'),
(2914, 1, 38, 'E', 9, 'E-9'),
(2915, 1, 38, 'E', 10, 'E-10'),
(2916, 1, 38, 'E', 11, 'E-11'),
(2917, 1, 38, 'E', 12, 'E-12'),
(2918, 1, 38, 'E', 13, 'E-13'),
(2919, 1, 38, 'E', 14, 'E-14'),
(2920, 1, 38, 'E', 15, 'E-15'),
(2921, 1, 38, 'E', 16, 'E-16'),
(2922, 1, 38, 'E', 17, 'E-17'),
(2923, 1, 38, 'E', 18, 'E-18'),
(2924, 1, 38, 'E', 19, 'E-19'),
(2925, 1, 38, 'E', 20, 'E-20'),
(2926, 1, 38, 'E', 21, 'E-21'),
(2927, 1, 38, 'E', 22, 'E-22'),
(2928, 1, 38, 'E', 23, 'E-23'),
(2929, 1, 38, 'E', 24, 'E-24'),
(2930, 1, 38, 'E', 25, 'E-25'),
(2931, 1, 38, 'E', 26, 'E-26'),
(2932, 1, 38, 'E', 27, 'E-27'),
(2933, 1, 38, 'E', 28, 'E-28'),
(2934, 1, 38, 'E', 29, 'E-29'),
(2935, 1, 38, 'E', 30, 'E-30'),
(2936, 1, 38, 'E', 31, 'E-31'),
(2937, 1, 38, 'E', 32, 'E-32'),
(2938, 1, 38, 'E', 33, 'E-33'),
(2939, 1, 38, 'E', 34, 'E-34'),
(2940, 1, 38, 'E', 35, 'E-35'),
(2941, 1, 38, 'F', 1, 'F-1'),
(2942, 1, 38, 'F', 2, 'F-2'),
(2943, 1, 38, 'F', 3, 'F-3'),
(2944, 1, 38, 'F', 4, 'F-4'),
(2945, 1, 38, 'F', 5, 'F-5'),
(2946, 1, 38, 'F', 6, 'F-6'),
(2947, 1, 38, 'F', 7, 'F-7'),
(2948, 1, 38, 'F', 8, 'F-8'),
(2949, 1, 38, 'F', 9, 'F-9'),
(2950, 1, 38, 'F', 10, 'F-10'),
(2951, 1, 38, 'F', 11, 'F-11'),
(2952, 1, 38, 'F', 12, 'F-12'),
(2953, 1, 38, 'F', 13, 'F-13'),
(2954, 1, 38, 'F', 14, 'F-14'),
(2955, 1, 38, 'F', 15, 'F-15'),
(2956, 1, 38, 'F', 16, 'F-16'),
(2957, 1, 38, 'F', 17, 'F-17'),
(2958, 1, 38, 'F', 18, 'F-18'),
(2959, 1, 38, 'F', 19, 'F-19'),
(2960, 1, 38, 'F', 20, 'F-20'),
(2961, 1, 38, 'F', 21, 'F-21'),
(2962, 1, 38, 'F', 22, 'F-22'),
(2963, 1, 38, 'F', 23, 'F-23'),
(2964, 1, 38, 'F', 24, 'F-24'),
(2965, 1, 38, 'F', 25, 'F-25'),
(2966, 1, 38, 'F', 26, 'F-26'),
(2967, 1, 38, 'F', 27, 'F-27'),
(2968, 1, 38, 'F', 28, 'F-28'),
(2969, 1, 38, 'F', 29, 'F-29'),
(2970, 1, 38, 'F', 30, 'F-30'),
(2971, 1, 38, 'F', 31, 'F-31'),
(2972, 1, 38, 'F', 32, 'F-32'),
(2973, 1, 38, 'F', 33, 'F-33'),
(2974, 1, 38, 'F', 34, 'F-34'),
(2975, 1, 38, 'F', 35, 'F-35'),
(2976, 1, 38, 'G', 1, 'G-1'),
(2977, 1, 38, 'G', 2, 'G-2'),
(2978, 1, 38, 'G', 3, 'G-3'),
(2979, 1, 38, 'G', 4, 'G-4'),
(2980, 1, 38, 'G', 5, 'G-5'),
(2981, 1, 38, 'G', 6, 'G-6'),
(2982, 1, 38, 'G', 7, 'G-7'),
(2983, 1, 38, 'G', 8, 'G-8'),
(2984, 1, 38, 'G', 9, 'G-9'),
(2985, 1, 38, 'G', 10, 'G-10'),
(2986, 1, 38, 'G', 11, 'G-11'),
(2987, 1, 38, 'G', 12, 'G-12'),
(2988, 1, 38, 'G', 13, 'G-13'),
(2989, 1, 38, 'G', 14, 'G-14'),
(2990, 1, 38, 'G', 15, 'G-15'),
(2991, 1, 38, 'G', 16, 'G-16'),
(2992, 1, 38, 'G', 17, 'G-17'),
(2993, 1, 38, 'G', 18, 'G-18'),
(2994, 1, 38, 'G', 19, 'G-19'),
(2995, 1, 38, 'G', 20, 'G-20'),
(2996, 1, 38, 'G', 21, 'G-21'),
(2997, 1, 38, 'G', 22, 'G-22'),
(2998, 1, 38, 'G', 23, 'G-23'),
(2999, 1, 38, 'G', 24, 'G-24'),
(3000, 1, 38, 'G', 25, 'G-25'),
(3001, 1, 38, 'G', 26, 'G-26'),
(3002, 1, 38, 'G', 27, 'G-27'),
(3003, 1, 38, 'G', 28, 'G-28'),
(3004, 1, 38, 'G', 29, 'G-29'),
(3005, 1, 38, 'G', 30, 'G-30'),
(3006, 1, 38, 'G', 31, 'G-31'),
(3007, 1, 38, 'G', 32, 'G-32'),
(3008, 1, 38, 'G', 33, 'G-33'),
(3009, 1, 38, 'G', 34, 'G-34'),
(3010, 1, 38, 'G', 35, 'G-35'),
(3011, 1, 38, 'H', 1, 'H-1'),
(3012, 1, 38, 'H', 2, 'H-2'),
(3013, 1, 38, 'H', 3, 'H-3'),
(3014, 1, 38, 'H', 4, 'H-4'),
(3015, 1, 38, 'H', 5, 'H-5'),
(3016, 1, 38, 'H', 6, 'H-6'),
(3017, 1, 38, 'H', 7, 'H-7'),
(3018, 1, 38, 'H', 8, 'H-8'),
(3019, 1, 38, 'H', 9, 'H-9'),
(3020, 1, 38, 'H', 10, 'H-10'),
(3021, 1, 38, 'H', 11, 'H-11'),
(3022, 1, 38, 'H', 12, 'H-12'),
(3023, 1, 38, 'H', 13, 'H-13'),
(3024, 1, 38, 'H', 14, 'H-14'),
(3025, 1, 38, 'H', 15, 'H-15'),
(3026, 1, 38, 'H', 16, 'H-16'),
(3027, 1, 38, 'H', 17, 'H-17'),
(3028, 1, 38, 'H', 18, 'H-18'),
(3029, 1, 38, 'H', 19, 'H-19'),
(3030, 1, 38, 'H', 20, 'H-20'),
(3031, 1, 38, 'H', 21, 'H-21'),
(3032, 1, 38, 'H', 22, 'H-22'),
(3033, 1, 38, 'H', 23, 'H-23'),
(3034, 1, 38, 'H', 24, 'H-24'),
(3035, 1, 38, 'H', 25, 'H-25'),
(3036, 1, 38, 'H', 26, 'H-26'),
(3037, 1, 38, 'H', 27, 'H-27'),
(3038, 1, 38, 'H', 28, 'H-28'),
(3039, 1, 38, 'H', 29, 'H-29'),
(3040, 1, 38, 'H', 30, 'H-30'),
(3041, 1, 38, 'H', 31, 'H-31'),
(3042, 1, 38, 'H', 32, 'H-32'),
(3043, 1, 38, 'H', 33, 'H-33'),
(3044, 1, 38, 'H', 34, 'H-34'),
(3045, 1, 38, 'H', 35, 'H-35'),
(3046, 1, 38, 'I', 1, 'I-1'),
(3047, 1, 38, 'I', 2, 'I-2'),
(3048, 1, 38, 'I', 3, 'I-3'),
(3049, 1, 38, 'I', 4, 'I-4'),
(3050, 1, 38, 'I', 5, 'I-5'),
(3051, 1, 38, 'I', 6, 'I-6'),
(3052, 1, 38, 'I', 7, 'I-7'),
(3053, 1, 38, 'I', 8, 'I-8'),
(3054, 1, 38, 'I', 9, 'I-9'),
(3055, 1, 38, 'I', 10, 'I-10'),
(3056, 1, 38, 'I', 11, 'I-11'),
(3057, 1, 38, 'I', 12, 'I-12'),
(3058, 1, 38, 'I', 13, 'I-13'),
(3059, 1, 38, 'I', 14, 'I-14'),
(3060, 1, 38, 'I', 15, 'I-15'),
(3061, 1, 38, 'I', 16, 'I-16'),
(3062, 1, 38, 'I', 17, 'I-17'),
(3063, 1, 38, 'I', 18, 'I-18'),
(3064, 1, 38, 'I', 19, 'I-19'),
(3065, 1, 38, 'I', 20, 'I-20'),
(3066, 1, 38, 'I', 21, 'I-21'),
(3067, 1, 38, 'I', 22, 'I-22'),
(3068, 1, 38, 'I', 23, 'I-23'),
(3069, 1, 38, 'I', 24, 'I-24'),
(3070, 1, 38, 'I', 25, 'I-25'),
(3071, 1, 38, 'I', 26, 'I-26'),
(3072, 1, 38, 'I', 27, 'I-27'),
(3073, 1, 38, 'I', 28, 'I-28'),
(3074, 1, 38, 'I', 29, 'I-29'),
(3075, 1, 38, 'I', 30, 'I-30'),
(3076, 1, 38, 'I', 31, 'I-31'),
(3077, 1, 38, 'I', 32, 'I-32'),
(3078, 1, 38, 'I', 33, 'I-33'),
(3079, 1, 38, 'I', 34, 'I-34'),
(3080, 1, 38, 'I', 35, 'I-35'),
(3081, 1, 39, 'A', 1, 'A-1'),
(3082, 1, 39, 'A', 2, 'A-2'),
(3083, 1, 39, 'A', 3, 'A-3'),
(3084, 1, 39, 'A', 4, 'A-4'),
(3085, 1, 39, 'A', 5, 'A-5'),
(3086, 1, 39, 'A', 6, 'A-6'),
(3087, 1, 39, 'A', 7, 'A-7'),
(3088, 1, 39, 'A', 8, 'A-8'),
(3089, 1, 39, 'A', 9, 'A-9'),
(3090, 1, 39, 'A', 10, 'A-10'),
(3091, 1, 39, 'A', 11, 'A-11'),
(3092, 1, 39, 'A', 12, 'A-12'),
(3093, 1, 39, 'A', 13, 'A-13'),
(3094, 1, 39, 'A', 14, 'A-14'),
(3095, 1, 39, 'A', 15, 'A-15'),
(3096, 1, 39, 'A', 16, 'A-16'),
(3097, 1, 39, 'A', 17, 'A-17'),
(3098, 1, 39, 'A', 18, 'A-18'),
(3099, 1, 39, 'A', 19, 'A-19'),
(3100, 1, 39, 'A', 20, 'A-20'),
(3101, 1, 39, 'A', 21, 'A-21'),
(3102, 1, 39, 'A', 22, 'A-22'),
(3103, 1, 39, 'A', 23, 'A-23'),
(3104, 1, 39, 'A', 24, 'A-24'),
(3105, 1, 39, 'A', 25, 'A-25'),
(3106, 1, 39, 'A', 26, 'A-26'),
(3107, 1, 39, 'A', 27, 'A-27'),
(3108, 1, 39, 'A', 28, 'A-28'),
(3109, 1, 39, 'A', 29, 'A-29'),
(3110, 1, 39, 'A', 30, 'A-30'),
(3111, 1, 39, 'A', 31, 'A-31'),
(3112, 1, 39, 'A', 32, 'A-32'),
(3113, 1, 39, 'A', 33, 'A-33'),
(3114, 1, 39, 'A', 34, 'A-34'),
(3115, 1, 39, 'A', 35, 'A-35'),
(3116, 1, 39, 'A', 36, 'A-36'),
(3117, 1, 39, 'A', 37, 'A-37'),
(3118, 1, 39, 'A', 38, 'A-38'),
(3119, 1, 39, 'A', 39, 'A-39'),
(3120, 1, 39, 'A', 40, 'A-40'),
(3121, 1, 39, 'A', 41, 'A-41'),
(3122, 1, 39, 'A', 42, 'A-42'),
(3123, 1, 39, 'A', 43, 'A-43'),
(3124, 1, 39, 'A', 44, 'A-44'),
(3125, 1, 39, 'A', 45, 'A-45'),
(3126, 1, 39, 'A', 46, 'A-46'),
(3127, 1, 39, 'A', 47, 'A-47'),
(3128, 1, 39, 'A', 48, 'A-48'),
(3129, 1, 39, 'A', 49, 'A-49'),
(3130, 1, 39, 'A', 50, 'A-50'),
(3131, 1, 39, 'A', 51, 'A-51'),
(3132, 1, 39, 'A', 52, 'A-52'),
(3133, 1, 39, 'A', 53, 'A-53'),
(3134, 1, 39, 'A', 54, 'A-54'),
(3135, 1, 39, 'A', 55, 'A-55'),
(3136, 1, 39, 'A', 56, 'A-56'),
(3137, 1, 39, 'A', 57, 'A-57'),
(3138, 1, 39, 'A', 58, 'A-58'),
(3139, 1, 39, 'A', 59, 'A-59'),
(3140, 1, 39, 'A', 60, 'A-60'),
(3141, 1, 39, 'B', 1, 'B-1'),
(3142, 1, 39, 'B', 2, 'B-2'),
(3143, 1, 39, 'B', 3, 'B-3'),
(3144, 1, 39, 'B', 4, 'B-4'),
(3145, 1, 39, 'B', 5, 'B-5'),
(3146, 1, 39, 'B', 6, 'B-6'),
(3147, 1, 39, 'B', 7, 'B-7'),
(3148, 1, 39, 'B', 8, 'B-8'),
(3149, 1, 39, 'B', 9, 'B-9'),
(3150, 1, 39, 'B', 10, 'B-10'),
(3151, 1, 39, 'B', 11, 'B-11'),
(3152, 1, 39, 'B', 12, 'B-12'),
(3153, 1, 39, 'B', 13, 'B-13'),
(3154, 1, 39, 'B', 14, 'B-14'),
(3155, 1, 39, 'B', 15, 'B-15'),
(3156, 1, 39, 'B', 16, 'B-16'),
(3157, 1, 39, 'B', 17, 'B-17'),
(3158, 1, 39, 'B', 18, 'B-18'),
(3159, 1, 39, 'B', 19, 'B-19'),
(3160, 1, 39, 'B', 20, 'B-20'),
(3161, 1, 39, 'B', 21, 'B-21'),
(3162, 1, 39, 'B', 22, 'B-22'),
(3163, 1, 39, 'B', 23, 'B-23'),
(3164, 1, 39, 'B', 24, 'B-24'),
(3165, 1, 39, 'B', 25, 'B-25'),
(3166, 1, 39, 'B', 26, 'B-26'),
(3167, 1, 39, 'B', 27, 'B-27'),
(3168, 1, 39, 'B', 28, 'B-28'),
(3169, 1, 39, 'B', 29, 'B-29'),
(3170, 1, 39, 'B', 30, 'B-30'),
(3171, 1, 39, 'B', 31, 'B-31'),
(3172, 1, 39, 'B', 32, 'B-32'),
(3173, 1, 39, 'B', 33, 'B-33'),
(3174, 1, 39, 'B', 34, 'B-34'),
(3175, 1, 39, 'B', 35, 'B-35'),
(3176, 1, 39, 'B', 36, 'B-36'),
(3177, 1, 39, 'B', 37, 'B-37'),
(3178, 1, 39, 'B', 38, 'B-38'),
(3179, 1, 39, 'B', 39, 'B-39'),
(3180, 1, 39, 'B', 40, 'B-40'),
(3181, 1, 39, 'B', 41, 'B-41'),
(3182, 1, 39, 'B', 42, 'B-42'),
(3183, 1, 39, 'B', 43, 'B-43'),
(3184, 1, 39, 'B', 44, 'B-44'),
(3185, 1, 39, 'B', 45, 'B-45'),
(3186, 1, 39, 'B', 46, 'B-46'),
(3187, 1, 39, 'B', 47, 'B-47'),
(3188, 1, 39, 'B', 48, 'B-48'),
(3189, 1, 39, 'B', 49, 'B-49'),
(3190, 1, 39, 'B', 50, 'B-50'),
(3191, 1, 39, 'B', 51, 'B-51'),
(3192, 1, 39, 'B', 52, 'B-52'),
(3193, 1, 39, 'B', 53, 'B-53'),
(3194, 1, 39, 'B', 54, 'B-54'),
(3195, 1, 39, 'B', 55, 'B-55'),
(3196, 1, 39, 'B', 56, 'B-56'),
(3197, 1, 39, 'B', 57, 'B-57'),
(3198, 1, 39, 'B', 58, 'B-58'),
(3199, 1, 39, 'B', 59, 'B-59'),
(3200, 1, 39, 'B', 60, 'B-60'),
(3201, 1, 39, 'C', 1, 'C-1'),
(3202, 1, 39, 'C', 2, 'C-2'),
(3203, 1, 39, 'C', 3, 'C-3'),
(3204, 1, 39, 'C', 4, 'C-4'),
(3205, 1, 39, 'C', 5, 'C-5'),
(3206, 1, 39, 'C', 6, 'C-6'),
(3207, 1, 39, 'C', 7, 'C-7'),
(3208, 1, 39, 'C', 8, 'C-8'),
(3209, 1, 39, 'C', 9, 'C-9'),
(3210, 1, 39, 'C', 10, 'C-10'),
(3211, 1, 39, 'C', 11, 'C-11'),
(3212, 1, 39, 'C', 12, 'C-12'),
(3213, 1, 39, 'C', 13, 'C-13'),
(3214, 1, 39, 'C', 14, 'C-14'),
(3215, 1, 39, 'C', 15, 'C-15'),
(3216, 1, 39, 'C', 16, 'C-16'),
(3217, 1, 39, 'C', 17, 'C-17'),
(3218, 1, 39, 'C', 18, 'C-18'),
(3219, 1, 39, 'C', 19, 'C-19'),
(3220, 1, 39, 'C', 20, 'C-20'),
(3221, 1, 39, 'C', 21, 'C-21'),
(3222, 1, 39, 'C', 22, 'C-22'),
(3223, 1, 39, 'C', 23, 'C-23'),
(3224, 1, 39, 'C', 24, 'C-24'),
(3225, 1, 39, 'C', 25, 'C-25'),
(3226, 1, 39, 'C', 26, 'C-26'),
(3227, 1, 39, 'C', 27, 'C-27'),
(3228, 1, 39, 'C', 28, 'C-28'),
(3229, 1, 39, 'C', 29, 'C-29'),
(3230, 1, 39, 'C', 30, 'C-30'),
(3231, 1, 39, 'C', 31, 'C-31'),
(3232, 1, 39, 'C', 32, 'C-32'),
(3233, 1, 39, 'C', 33, 'C-33'),
(3234, 1, 39, 'C', 34, 'C-34'),
(3235, 1, 39, 'C', 35, 'C-35'),
(3236, 1, 39, 'C', 36, 'C-36'),
(3237, 1, 39, 'C', 37, 'C-37'),
(3238, 1, 39, 'C', 38, 'C-38'),
(3239, 1, 39, 'C', 39, 'C-39'),
(3240, 1, 39, 'C', 40, 'C-40'),
(3241, 1, 39, 'C', 41, 'C-41'),
(3242, 1, 39, 'C', 42, 'C-42'),
(3243, 1, 39, 'C', 43, 'C-43'),
(3244, 1, 39, 'C', 44, 'C-44'),
(3245, 1, 39, 'C', 45, 'C-45'),
(3246, 1, 39, 'C', 46, 'C-46'),
(3247, 1, 39, 'C', 47, 'C-47'),
(3248, 1, 39, 'C', 48, 'C-48'),
(3249, 1, 39, 'C', 49, 'C-49'),
(3250, 1, 39, 'C', 50, 'C-50'),
(3251, 1, 39, 'C', 51, 'C-51'),
(3252, 1, 39, 'C', 52, 'C-52'),
(3253, 1, 39, 'C', 53, 'C-53'),
(3254, 1, 39, 'C', 54, 'C-54'),
(3255, 1, 39, 'C', 55, 'C-55'),
(3256, 1, 39, 'C', 56, 'C-56'),
(3257, 1, 39, 'C', 57, 'C-57'),
(3258, 1, 39, 'C', 58, 'C-58'),
(3259, 1, 39, 'C', 59, 'C-59'),
(3260, 1, 39, 'C', 60, 'C-60'),
(3261, 1, 39, 'D', 1, 'D-1'),
(3262, 1, 39, 'D', 2, 'D-2'),
(3263, 1, 39, 'D', 3, 'D-3'),
(3264, 1, 39, 'D', 4, 'D-4'),
(3265, 1, 39, 'D', 5, 'D-5'),
(3266, 1, 39, 'D', 6, 'D-6'),
(3267, 1, 39, 'D', 7, 'D-7'),
(3268, 1, 39, 'D', 8, 'D-8'),
(3269, 1, 39, 'D', 9, 'D-9'),
(3270, 1, 39, 'D', 10, 'D-10'),
(3271, 1, 39, 'D', 11, 'D-11'),
(3272, 1, 39, 'D', 12, 'D-12'),
(3273, 1, 39, 'D', 13, 'D-13'),
(3274, 1, 39, 'D', 14, 'D-14'),
(3275, 1, 39, 'D', 15, 'D-15'),
(3276, 1, 39, 'D', 16, 'D-16'),
(3277, 1, 39, 'D', 17, 'D-17'),
(3278, 1, 39, 'D', 18, 'D-18'),
(3279, 1, 39, 'D', 19, 'D-19'),
(3280, 1, 39, 'D', 20, 'D-20'),
(3281, 1, 39, 'D', 21, 'D-21'),
(3282, 1, 39, 'D', 22, 'D-22'),
(3283, 1, 39, 'D', 23, 'D-23'),
(3284, 1, 39, 'D', 24, 'D-24'),
(3285, 1, 39, 'D', 25, 'D-25'),
(3286, 1, 39, 'D', 26, 'D-26'),
(3287, 1, 39, 'D', 27, 'D-27'),
(3288, 1, 39, 'D', 28, 'D-28'),
(3289, 1, 39, 'D', 29, 'D-29'),
(3290, 1, 39, 'D', 30, 'D-30'),
(3291, 1, 39, 'D', 31, 'D-31'),
(3292, 1, 39, 'D', 32, 'D-32'),
(3293, 1, 39, 'D', 33, 'D-33'),
(3294, 1, 39, 'D', 34, 'D-34'),
(3295, 1, 39, 'D', 35, 'D-35'),
(3296, 1, 39, 'D', 36, 'D-36'),
(3297, 1, 39, 'D', 37, 'D-37'),
(3298, 1, 39, 'D', 38, 'D-38'),
(3299, 1, 39, 'D', 39, 'D-39'),
(3300, 1, 39, 'D', 40, 'D-40'),
(3301, 1, 39, 'D', 41, 'D-41'),
(3302, 1, 39, 'D', 42, 'D-42'),
(3303, 1, 39, 'D', 43, 'D-43'),
(3304, 1, 39, 'D', 44, 'D-44'),
(3305, 1, 39, 'D', 45, 'D-45'),
(3306, 1, 39, 'D', 46, 'D-46'),
(3307, 1, 39, 'D', 47, 'D-47'),
(3308, 1, 39, 'D', 48, 'D-48'),
(3309, 1, 39, 'D', 49, 'D-49'),
(3310, 1, 39, 'D', 50, 'D-50'),
(3311, 1, 39, 'D', 51, 'D-51'),
(3312, 1, 39, 'D', 52, 'D-52'),
(3313, 1, 39, 'D', 53, 'D-53'),
(3314, 1, 39, 'D', 54, 'D-54'),
(3315, 1, 39, 'D', 55, 'D-55'),
(3316, 1, 39, 'D', 56, 'D-56'),
(3317, 1, 39, 'D', 57, 'D-57'),
(3318, 1, 39, 'D', 58, 'D-58'),
(3319, 1, 39, 'D', 59, 'D-59'),
(3320, 1, 39, 'D', 60, 'D-60'),
(3321, 1, 40, 'A', 1, 'A-1'),
(3322, 1, 40, 'A', 2, 'A-2'),
(3323, 1, 40, 'A', 3, 'A-3'),
(3324, 1, 40, 'A', 4, 'A-4'),
(3325, 1, 40, 'A', 5, 'A-5'),
(3326, 1, 40, 'A', 6, 'A-6'),
(3327, 1, 40, 'A', 7, 'A-7'),
(3328, 1, 40, 'A', 8, 'A-8'),
(3329, 1, 40, 'A', 9, 'A-9'),
(3330, 1, 40, 'A', 10, 'A-10'),
(3331, 1, 40, 'A', 11, 'A-11'),
(3332, 1, 40, 'A', 12, 'A-12'),
(3333, 1, 40, 'A', 13, 'A-13'),
(3334, 1, 40, 'A', 14, 'A-14'),
(3335, 1, 40, 'A', 15, 'A-15'),
(3336, 1, 40, 'A', 16, 'A-16'),
(3337, 1, 40, 'A', 17, 'A-17'),
(3338, 1, 40, 'A', 18, 'A-18'),
(3339, 1, 40, 'A', 19, 'A-19'),
(3340, 1, 40, 'A', 20, 'A-20'),
(3341, 1, 40, 'A', 21, 'A-21'),
(3342, 1, 40, 'A', 22, 'A-22'),
(3343, 1, 40, 'A', 23, 'A-23'),
(3344, 1, 40, 'A', 24, 'A-24'),
(3345, 1, 40, 'A', 25, 'A-25'),
(3346, 1, 40, 'A', 26, 'A-26'),
(3347, 1, 40, 'A', 27, 'A-27'),
(3348, 1, 40, 'A', 28, 'A-28'),
(3349, 1, 40, 'A', 29, 'A-29'),
(3350, 1, 40, 'A', 30, 'A-30'),
(3351, 1, 40, 'A', 31, 'A-31'),
(3352, 1, 40, 'A', 32, 'A-32'),
(3353, 1, 40, 'A', 33, 'A-33'),
(3354, 1, 40, 'A', 34, 'A-34'),
(3355, 1, 40, 'A', 35, 'A-35'),
(3356, 1, 40, 'A', 36, 'A-36'),
(3357, 1, 40, 'A', 37, 'A-37'),
(3358, 1, 40, 'A', 38, 'A-38'),
(3359, 1, 40, 'A', 39, 'A-39'),
(3360, 1, 40, 'A', 40, 'A-40'),
(3361, 1, 40, 'A', 41, 'A-41'),
(3362, 1, 40, 'A', 42, 'A-42'),
(3363, 1, 40, 'A', 43, 'A-43'),
(3364, 1, 40, 'A', 44, 'A-44'),
(3365, 1, 40, 'A', 45, 'A-45'),
(3366, 1, 40, 'A', 46, 'A-46'),
(3367, 1, 40, 'A', 47, 'A-47'),
(3368, 1, 40, 'A', 48, 'A-48'),
(3369, 1, 40, 'A', 49, 'A-49'),
(3370, 1, 40, 'A', 50, 'A-50'),
(3371, 1, 40, 'B', 1, 'B-1'),
(3372, 1, 40, 'B', 2, 'B-2'),
(3373, 1, 40, 'B', 3, 'B-3'),
(3374, 1, 40, 'B', 4, 'B-4'),
(3375, 1, 40, 'B', 5, 'B-5'),
(3376, 1, 40, 'B', 6, 'B-6'),
(3377, 1, 40, 'B', 7, 'B-7'),
(3378, 1, 40, 'B', 8, 'B-8'),
(3379, 1, 40, 'B', 9, 'B-9'),
(3380, 1, 40, 'B', 10, 'B-10'),
(3381, 1, 40, 'B', 11, 'B-11'),
(3382, 1, 40, 'B', 12, 'B-12'),
(3383, 1, 40, 'B', 13, 'B-13'),
(3384, 1, 40, 'B', 14, 'B-14'),
(3385, 1, 40, 'B', 15, 'B-15'),
(3386, 1, 40, 'B', 16, 'B-16'),
(3387, 1, 40, 'B', 17, 'B-17'),
(3388, 1, 40, 'B', 18, 'B-18'),
(3389, 1, 40, 'B', 19, 'B-19'),
(3390, 1, 40, 'B', 20, 'B-20'),
(3391, 1, 40, 'B', 21, 'B-21'),
(3392, 1, 40, 'B', 22, 'B-22'),
(3393, 1, 40, 'B', 23, 'B-23'),
(3394, 1, 40, 'B', 24, 'B-24'),
(3395, 1, 40, 'B', 25, 'B-25'),
(3396, 1, 40, 'B', 26, 'B-26'),
(3397, 1, 40, 'B', 27, 'B-27'),
(3398, 1, 40, 'B', 28, 'B-28'),
(3399, 1, 40, 'B', 29, 'B-29'),
(3400, 1, 40, 'B', 30, 'B-30'),
(3401, 1, 40, 'B', 31, 'B-31'),
(3402, 1, 40, 'B', 32, 'B-32'),
(3403, 1, 40, 'B', 33, 'B-33'),
(3404, 1, 40, 'B', 34, 'B-34'),
(3405, 1, 40, 'B', 35, 'B-35'),
(3406, 1, 40, 'B', 36, 'B-36'),
(3407, 1, 40, 'B', 37, 'B-37'),
(3408, 1, 40, 'B', 38, 'B-38'),
(3409, 1, 40, 'B', 39, 'B-39'),
(3410, 1, 40, 'B', 40, 'B-40'),
(3411, 1, 40, 'B', 41, 'B-41'),
(3412, 1, 40, 'B', 42, 'B-42'),
(3413, 1, 40, 'B', 43, 'B-43'),
(3414, 1, 40, 'B', 44, 'B-44'),
(3415, 1, 40, 'B', 45, 'B-45'),
(3416, 1, 40, 'B', 46, 'B-46'),
(3417, 1, 40, 'B', 47, 'B-47'),
(3418, 1, 40, 'B', 48, 'B-48'),
(3419, 1, 40, 'B', 49, 'B-49'),
(3420, 1, 40, 'B', 50, 'B-50'),
(3421, 1, 40, 'C', 1, 'C-1'),
(3422, 1, 40, 'C', 2, 'C-2'),
(3423, 1, 40, 'C', 3, 'C-3'),
(3424, 1, 40, 'C', 4, 'C-4'),
(3425, 1, 40, 'C', 5, 'C-5'),
(3426, 1, 40, 'C', 6, 'C-6'),
(3427, 1, 40, 'C', 7, 'C-7'),
(3428, 1, 40, 'C', 8, 'C-8'),
(3429, 1, 40, 'C', 9, 'C-9'),
(3430, 1, 40, 'C', 10, 'C-10'),
(3431, 1, 40, 'C', 11, 'C-11'),
(3432, 1, 40, 'C', 12, 'C-12'),
(3433, 1, 40, 'C', 13, 'C-13'),
(3434, 1, 40, 'C', 14, 'C-14'),
(3435, 1, 40, 'C', 15, 'C-15'),
(3436, 1, 40, 'C', 16, 'C-16'),
(3437, 1, 40, 'C', 17, 'C-17'),
(3438, 1, 40, 'C', 18, 'C-18'),
(3439, 1, 40, 'C', 19, 'C-19'),
(3440, 1, 40, 'C', 20, 'C-20'),
(3441, 1, 40, 'C', 21, 'C-21'),
(3442, 1, 40, 'C', 22, 'C-22'),
(3443, 1, 40, 'C', 23, 'C-23'),
(3444, 1, 40, 'C', 24, 'C-24'),
(3445, 1, 40, 'C', 25, 'C-25'),
(3446, 1, 40, 'C', 26, 'C-26'),
(3447, 1, 40, 'C', 27, 'C-27'),
(3448, 1, 40, 'C', 28, 'C-28'),
(3449, 1, 40, 'C', 29, 'C-29'),
(3450, 1, 40, 'C', 30, 'C-30'),
(3451, 1, 40, 'C', 31, 'C-31');
INSERT INTO `seats` (`id`, `event_id`, `ticket_type_id`, `seat_row`, `seat_number`, `label`) VALUES
(3452, 1, 40, 'C', 32, 'C-32'),
(3453, 1, 40, 'C', 33, 'C-33'),
(3454, 1, 40, 'C', 34, 'C-34'),
(3455, 1, 40, 'C', 35, 'C-35'),
(3456, 1, 40, 'C', 36, 'C-36'),
(3457, 1, 40, 'C', 37, 'C-37'),
(3458, 1, 40, 'C', 38, 'C-38'),
(3459, 1, 40, 'C', 39, 'C-39'),
(3460, 1, 40, 'C', 40, 'C-40'),
(3461, 1, 40, 'C', 41, 'C-41'),
(3462, 1, 40, 'C', 42, 'C-42'),
(3463, 1, 40, 'C', 43, 'C-43'),
(3464, 1, 40, 'C', 44, 'C-44'),
(3465, 1, 40, 'C', 45, 'C-45'),
(3466, 1, 40, 'C', 46, 'C-46'),
(3467, 1, 40, 'C', 47, 'C-47'),
(3468, 1, 40, 'C', 48, 'C-48'),
(3469, 1, 40, 'C', 49, 'C-49'),
(3470, 1, 40, 'C', 50, 'C-50'),
(3471, 1, 40, 'D', 1, 'D-1'),
(3472, 1, 40, 'D', 2, 'D-2'),
(3473, 1, 40, 'D', 3, 'D-3'),
(3474, 1, 40, 'D', 4, 'D-4'),
(3475, 1, 40, 'D', 5, 'D-5'),
(3476, 1, 40, 'D', 6, 'D-6'),
(3477, 1, 40, 'D', 7, 'D-7'),
(3478, 1, 40, 'D', 8, 'D-8'),
(3479, 1, 40, 'D', 9, 'D-9'),
(3480, 1, 40, 'D', 10, 'D-10'),
(3481, 1, 40, 'D', 11, 'D-11'),
(3482, 1, 40, 'D', 12, 'D-12'),
(3483, 1, 40, 'D', 13, 'D-13'),
(3484, 1, 40, 'D', 14, 'D-14'),
(3485, 1, 40, 'D', 15, 'D-15'),
(3486, 1, 40, 'D', 16, 'D-16'),
(3487, 1, 40, 'D', 17, 'D-17'),
(3488, 1, 40, 'D', 18, 'D-18'),
(3489, 1, 40, 'D', 19, 'D-19'),
(3490, 1, 40, 'D', 20, 'D-20'),
(3491, 1, 40, 'D', 21, 'D-21'),
(3492, 1, 40, 'D', 22, 'D-22'),
(3493, 1, 40, 'D', 23, 'D-23'),
(3494, 1, 40, 'D', 24, 'D-24'),
(3495, 1, 40, 'D', 25, 'D-25'),
(3496, 1, 40, 'D', 26, 'D-26'),
(3497, 1, 40, 'D', 27, 'D-27'),
(3498, 1, 40, 'D', 28, 'D-28'),
(3499, 1, 40, 'D', 29, 'D-29'),
(3500, 1, 40, 'D', 30, 'D-30'),
(3501, 1, 40, 'D', 31, 'D-31'),
(3502, 1, 40, 'D', 32, 'D-32'),
(3503, 1, 40, 'D', 33, 'D-33'),
(3504, 1, 40, 'D', 34, 'D-34'),
(3505, 1, 40, 'D', 35, 'D-35'),
(3506, 1, 40, 'D', 36, 'D-36'),
(3507, 1, 40, 'D', 37, 'D-37'),
(3508, 1, 40, 'D', 38, 'D-38'),
(3509, 1, 40, 'D', 39, 'D-39'),
(3510, 1, 40, 'D', 40, 'D-40'),
(3511, 1, 40, 'D', 41, 'D-41'),
(3512, 1, 40, 'D', 42, 'D-42'),
(3513, 1, 40, 'D', 43, 'D-43'),
(3514, 1, 40, 'D', 44, 'D-44'),
(3515, 1, 40, 'D', 45, 'D-45'),
(3516, 1, 40, 'D', 46, 'D-46'),
(3517, 1, 40, 'D', 47, 'D-47'),
(3518, 1, 40, 'D', 48, 'D-48'),
(3519, 1, 40, 'D', 49, 'D-49'),
(3520, 1, 40, 'D', 50, 'D-50'),
(3521, 1, 40, 'E', 1, 'E-1'),
(3522, 1, 40, 'E', 2, 'E-2'),
(3523, 1, 40, 'E', 3, 'E-3'),
(3524, 1, 40, 'E', 4, 'E-4'),
(3525, 1, 40, 'E', 5, 'E-5'),
(3526, 1, 40, 'E', 6, 'E-6'),
(3527, 1, 40, 'E', 7, 'E-7'),
(3528, 1, 40, 'E', 8, 'E-8'),
(3529, 1, 40, 'E', 9, 'E-9'),
(3530, 1, 40, 'E', 10, 'E-10'),
(3531, 1, 40, 'E', 11, 'E-11'),
(3532, 1, 40, 'E', 12, 'E-12'),
(3533, 1, 40, 'E', 13, 'E-13'),
(3534, 1, 40, 'E', 14, 'E-14'),
(3535, 1, 40, 'E', 15, 'E-15'),
(3536, 1, 40, 'E', 16, 'E-16'),
(3537, 1, 40, 'E', 17, 'E-17'),
(3538, 1, 40, 'E', 18, 'E-18'),
(3539, 1, 40, 'E', 19, 'E-19'),
(3540, 1, 40, 'E', 20, 'E-20'),
(3541, 1, 40, 'E', 21, 'E-21'),
(3542, 1, 40, 'E', 22, 'E-22'),
(3543, 1, 40, 'E', 23, 'E-23'),
(3544, 1, 40, 'E', 24, 'E-24'),
(3545, 1, 40, 'E', 25, 'E-25'),
(3546, 1, 40, 'E', 26, 'E-26'),
(3547, 1, 40, 'E', 27, 'E-27'),
(3548, 1, 40, 'E', 28, 'E-28'),
(3549, 1, 40, 'E', 29, 'E-29'),
(3550, 1, 40, 'E', 30, 'E-30'),
(3551, 1, 40, 'E', 31, 'E-31'),
(3552, 1, 40, 'E', 32, 'E-32'),
(3553, 1, 40, 'E', 33, 'E-33'),
(3554, 1, 40, 'E', 34, 'E-34'),
(3555, 1, 40, 'E', 35, 'E-35'),
(3556, 1, 40, 'E', 36, 'E-36'),
(3557, 1, 40, 'E', 37, 'E-37'),
(3558, 1, 40, 'E', 38, 'E-38'),
(3559, 1, 40, 'E', 39, 'E-39'),
(3560, 1, 40, 'E', 40, 'E-40'),
(3561, 1, 40, 'E', 41, 'E-41'),
(3562, 1, 40, 'E', 42, 'E-42'),
(3563, 1, 40, 'E', 43, 'E-43'),
(3564, 1, 40, 'E', 44, 'E-44'),
(3565, 1, 40, 'E', 45, 'E-45'),
(3566, 1, 40, 'E', 46, 'E-46'),
(3567, 1, 40, 'E', 47, 'E-47'),
(3568, 1, 40, 'E', 48, 'E-48'),
(3569, 1, 40, 'E', 49, 'E-49'),
(3570, 1, 40, 'E', 50, 'E-50'),
(3571, 1, 40, 'F', 1, 'F-1'),
(3572, 1, 40, 'F', 2, 'F-2'),
(3573, 1, 40, 'F', 3, 'F-3'),
(3574, 1, 40, 'F', 4, 'F-4'),
(3575, 1, 40, 'F', 5, 'F-5'),
(3576, 1, 40, 'F', 6, 'F-6'),
(3577, 1, 40, 'F', 7, 'F-7'),
(3578, 1, 40, 'F', 8, 'F-8'),
(3579, 1, 40, 'F', 9, 'F-9'),
(3580, 1, 40, 'F', 10, 'F-10'),
(3581, 1, 40, 'F', 11, 'F-11'),
(3582, 1, 40, 'F', 12, 'F-12'),
(3583, 1, 40, 'F', 13, 'F-13'),
(3584, 1, 40, 'F', 14, 'F-14'),
(3585, 1, 40, 'F', 15, 'F-15'),
(3586, 1, 40, 'F', 16, 'F-16'),
(3587, 1, 40, 'F', 17, 'F-17'),
(3588, 1, 40, 'F', 18, 'F-18'),
(3589, 1, 40, 'F', 19, 'F-19'),
(3590, 1, 40, 'F', 20, 'F-20'),
(3591, 1, 40, 'F', 21, 'F-21'),
(3592, 1, 40, 'F', 22, 'F-22'),
(3593, 1, 40, 'F', 23, 'F-23'),
(3594, 1, 40, 'F', 24, 'F-24'),
(3595, 1, 40, 'F', 25, 'F-25'),
(3596, 1, 40, 'F', 26, 'F-26'),
(3597, 1, 40, 'F', 27, 'F-27'),
(3598, 1, 40, 'F', 28, 'F-28'),
(3599, 1, 40, 'F', 29, 'F-29'),
(3600, 1, 40, 'F', 30, 'F-30'),
(3601, 1, 40, 'F', 31, 'F-31'),
(3602, 1, 40, 'F', 32, 'F-32'),
(3603, 1, 40, 'F', 33, 'F-33'),
(3604, 1, 40, 'F', 34, 'F-34'),
(3605, 1, 40, 'F', 35, 'F-35'),
(3606, 1, 40, 'F', 36, 'F-36'),
(3607, 1, 40, 'F', 37, 'F-37'),
(3608, 1, 40, 'F', 38, 'F-38'),
(3609, 1, 40, 'F', 39, 'F-39'),
(3610, 1, 40, 'F', 40, 'F-40'),
(3611, 1, 40, 'F', 41, 'F-41'),
(3612, 1, 40, 'F', 42, 'F-42'),
(3613, 1, 40, 'F', 43, 'F-43'),
(3614, 1, 40, 'F', 44, 'F-44'),
(3615, 1, 40, 'F', 45, 'F-45'),
(3616, 1, 40, 'F', 46, 'F-46'),
(3617, 1, 40, 'F', 47, 'F-47'),
(3618, 1, 40, 'F', 48, 'F-48'),
(3619, 1, 40, 'F', 49, 'F-49'),
(3620, 1, 40, 'F', 50, 'F-50'),
(3621, 1, 40, 'G', 1, 'G-1'),
(3622, 1, 40, 'G', 2, 'G-2'),
(3623, 1, 40, 'G', 3, 'G-3'),
(3624, 1, 40, 'G', 4, 'G-4'),
(3625, 1, 40, 'G', 5, 'G-5'),
(3626, 1, 40, 'G', 6, 'G-6'),
(3627, 1, 40, 'G', 7, 'G-7'),
(3628, 1, 40, 'G', 8, 'G-8'),
(3629, 1, 40, 'G', 9, 'G-9'),
(3630, 1, 40, 'G', 10, 'G-10'),
(3631, 1, 40, 'G', 11, 'G-11'),
(3632, 1, 40, 'G', 12, 'G-12'),
(3633, 1, 40, 'G', 13, 'G-13'),
(3634, 1, 40, 'G', 14, 'G-14'),
(3635, 1, 40, 'G', 15, 'G-15'),
(3636, 1, 40, 'G', 16, 'G-16'),
(3637, 1, 40, 'G', 17, 'G-17'),
(3638, 1, 40, 'G', 18, 'G-18'),
(3639, 1, 40, 'G', 19, 'G-19'),
(3640, 1, 40, 'G', 20, 'G-20'),
(3641, 1, 40, 'G', 21, 'G-21'),
(3642, 1, 40, 'G', 22, 'G-22'),
(3643, 1, 40, 'G', 23, 'G-23'),
(3644, 1, 40, 'G', 24, 'G-24'),
(3645, 1, 40, 'G', 25, 'G-25'),
(3646, 1, 40, 'G', 26, 'G-26'),
(3647, 1, 40, 'G', 27, 'G-27'),
(3648, 1, 40, 'G', 28, 'G-28'),
(3649, 1, 40, 'G', 29, 'G-29'),
(3650, 1, 40, 'G', 30, 'G-30'),
(3651, 1, 40, 'G', 31, 'G-31'),
(3652, 1, 40, 'G', 32, 'G-32'),
(3653, 1, 40, 'G', 33, 'G-33'),
(3654, 1, 40, 'G', 34, 'G-34'),
(3655, 1, 40, 'G', 35, 'G-35'),
(3656, 1, 40, 'G', 36, 'G-36'),
(3657, 1, 40, 'G', 37, 'G-37'),
(3658, 1, 40, 'G', 38, 'G-38'),
(3659, 1, 40, 'G', 39, 'G-39'),
(3660, 1, 40, 'G', 40, 'G-40'),
(3661, 1, 40, 'G', 41, 'G-41'),
(3662, 1, 40, 'G', 42, 'G-42'),
(3663, 1, 40, 'G', 43, 'G-43'),
(3664, 1, 40, 'G', 44, 'G-44'),
(3665, 1, 40, 'G', 45, 'G-45'),
(3666, 1, 40, 'G', 46, 'G-46'),
(3667, 1, 40, 'G', 47, 'G-47'),
(3668, 1, 40, 'G', 48, 'G-48'),
(3669, 1, 40, 'G', 49, 'G-49'),
(3670, 1, 40, 'G', 50, 'G-50'),
(3671, 1, 40, 'H', 1, 'H-1'),
(3672, 1, 40, 'H', 2, 'H-2'),
(3673, 1, 40, 'H', 3, 'H-3'),
(3674, 1, 40, 'H', 4, 'H-4'),
(3675, 1, 40, 'H', 5, 'H-5'),
(3676, 1, 40, 'H', 6, 'H-6'),
(3677, 1, 40, 'H', 7, 'H-7'),
(3678, 1, 40, 'H', 8, 'H-8'),
(3679, 1, 40, 'H', 9, 'H-9'),
(3680, 1, 40, 'H', 10, 'H-10'),
(3681, 1, 40, 'H', 11, 'H-11'),
(3682, 1, 40, 'H', 12, 'H-12'),
(3683, 1, 40, 'H', 13, 'H-13'),
(3684, 1, 40, 'H', 14, 'H-14'),
(3685, 1, 40, 'H', 15, 'H-15'),
(3686, 1, 40, 'H', 16, 'H-16'),
(3687, 1, 40, 'H', 17, 'H-17'),
(3688, 1, 40, 'H', 18, 'H-18'),
(3689, 1, 40, 'H', 19, 'H-19'),
(3690, 1, 40, 'H', 20, 'H-20'),
(3691, 1, 40, 'H', 21, 'H-21'),
(3692, 1, 40, 'H', 22, 'H-22'),
(3693, 1, 40, 'H', 23, 'H-23'),
(3694, 1, 40, 'H', 24, 'H-24'),
(3695, 1, 40, 'H', 25, 'H-25'),
(3696, 1, 40, 'H', 26, 'H-26'),
(3697, 1, 40, 'H', 27, 'H-27'),
(3698, 1, 40, 'H', 28, 'H-28'),
(3699, 1, 40, 'H', 29, 'H-29'),
(3700, 1, 40, 'H', 30, 'H-30'),
(3701, 1, 40, 'H', 31, 'H-31'),
(3702, 1, 40, 'H', 32, 'H-32'),
(3703, 1, 40, 'H', 33, 'H-33'),
(3704, 1, 40, 'H', 34, 'H-34'),
(3705, 1, 40, 'H', 35, 'H-35'),
(3706, 1, 40, 'H', 36, 'H-36'),
(3707, 1, 40, 'H', 37, 'H-37'),
(3708, 1, 40, 'H', 38, 'H-38'),
(3709, 1, 40, 'H', 39, 'H-39'),
(3710, 1, 40, 'H', 40, 'H-40'),
(3711, 1, 40, 'H', 41, 'H-41'),
(3712, 1, 40, 'H', 42, 'H-42'),
(3713, 1, 40, 'H', 43, 'H-43'),
(3714, 1, 40, 'H', 44, 'H-44'),
(3715, 1, 40, 'H', 45, 'H-45'),
(3716, 1, 40, 'H', 46, 'H-46'),
(3717, 1, 40, 'H', 47, 'H-47'),
(3718, 1, 40, 'H', 48, 'H-48'),
(3719, 1, 40, 'H', 49, 'H-49'),
(3720, 1, 40, 'H', 50, 'H-50'),
(3721, 1, 41, 'A', 1, 'A-1'),
(3722, 1, 41, 'A', 2, 'A-2'),
(3723, 1, 41, 'A', 3, 'A-3'),
(3724, 1, 41, 'A', 4, 'A-4'),
(3725, 1, 41, 'A', 5, 'A-5'),
(3726, 1, 41, 'A', 6, 'A-6'),
(3727, 1, 41, 'A', 7, 'A-7'),
(3728, 1, 41, 'A', 8, 'A-8'),
(3729, 1, 41, 'A', 9, 'A-9'),
(3730, 1, 41, 'A', 10, 'A-10'),
(3731, 1, 41, 'A', 11, 'A-11'),
(3732, 1, 41, 'A', 12, 'A-12'),
(3733, 1, 41, 'A', 13, 'A-13'),
(3734, 1, 41, 'A', 14, 'A-14'),
(3735, 1, 41, 'A', 15, 'A-15'),
(3736, 1, 41, 'A', 16, 'A-16'),
(3737, 1, 41, 'A', 17, 'A-17'),
(3738, 1, 41, 'A', 18, 'A-18'),
(3739, 1, 41, 'A', 19, 'A-19'),
(3740, 1, 41, 'A', 20, 'A-20'),
(3741, 1, 41, 'A', 21, 'A-21'),
(3742, 1, 41, 'A', 22, 'A-22'),
(3743, 1, 41, 'A', 23, 'A-23'),
(3744, 1, 41, 'A', 24, 'A-24'),
(3745, 1, 41, 'A', 25, 'A-25'),
(3746, 1, 41, 'A', 26, 'A-26'),
(3747, 1, 41, 'A', 27, 'A-27'),
(3748, 1, 41, 'A', 28, 'A-28'),
(3749, 1, 41, 'A', 29, 'A-29'),
(3750, 1, 41, 'A', 30, 'A-30'),
(3751, 1, 41, 'A', 31, 'A-31'),
(3752, 1, 41, 'A', 32, 'A-32'),
(3753, 1, 41, 'A', 33, 'A-33'),
(3754, 1, 41, 'A', 34, 'A-34'),
(3755, 1, 41, 'A', 35, 'A-35'),
(3756, 1, 41, 'A', 36, 'A-36'),
(3757, 1, 41, 'A', 37, 'A-37'),
(3758, 1, 41, 'A', 38, 'A-38'),
(3759, 1, 41, 'A', 39, 'A-39'),
(3760, 1, 41, 'A', 40, 'A-40'),
(3761, 1, 41, 'A', 41, 'A-41'),
(3762, 1, 41, 'A', 42, 'A-42'),
(3763, 1, 41, 'A', 43, 'A-43'),
(3764, 1, 41, 'A', 44, 'A-44'),
(3765, 1, 41, 'A', 45, 'A-45'),
(3766, 1, 41, 'A', 46, 'A-46'),
(3767, 1, 41, 'A', 47, 'A-47'),
(3768, 1, 41, 'A', 48, 'A-48'),
(3769, 1, 41, 'A', 49, 'A-49'),
(3770, 1, 41, 'A', 50, 'A-50'),
(3771, 1, 41, 'B', 1, 'B-1'),
(3772, 1, 41, 'B', 2, 'B-2'),
(3773, 1, 41, 'B', 3, 'B-3'),
(3774, 1, 41, 'B', 4, 'B-4'),
(3775, 1, 41, 'B', 5, 'B-5'),
(3776, 1, 41, 'B', 6, 'B-6'),
(3777, 1, 41, 'B', 7, 'B-7'),
(3778, 1, 41, 'B', 8, 'B-8'),
(3779, 1, 41, 'B', 9, 'B-9'),
(3780, 1, 41, 'B', 10, 'B-10'),
(3781, 1, 41, 'B', 11, 'B-11'),
(3782, 1, 41, 'B', 12, 'B-12'),
(3783, 1, 41, 'B', 13, 'B-13'),
(3784, 1, 41, 'B', 14, 'B-14'),
(3785, 1, 41, 'B', 15, 'B-15'),
(3786, 1, 41, 'B', 16, 'B-16'),
(3787, 1, 41, 'B', 17, 'B-17'),
(3788, 1, 41, 'B', 18, 'B-18'),
(3789, 1, 41, 'B', 19, 'B-19'),
(3790, 1, 41, 'B', 20, 'B-20'),
(3791, 1, 41, 'B', 21, 'B-21'),
(3792, 1, 41, 'B', 22, 'B-22'),
(3793, 1, 41, 'B', 23, 'B-23'),
(3794, 1, 41, 'B', 24, 'B-24'),
(3795, 1, 41, 'B', 25, 'B-25'),
(3796, 1, 41, 'B', 26, 'B-26'),
(3797, 1, 41, 'B', 27, 'B-27'),
(3798, 1, 41, 'B', 28, 'B-28'),
(3799, 1, 41, 'B', 29, 'B-29'),
(3800, 1, 41, 'B', 30, 'B-30'),
(3801, 1, 41, 'B', 31, 'B-31'),
(3802, 1, 41, 'B', 32, 'B-32'),
(3803, 1, 41, 'B', 33, 'B-33'),
(3804, 1, 41, 'B', 34, 'B-34'),
(3805, 1, 41, 'B', 35, 'B-35'),
(3806, 1, 41, 'B', 36, 'B-36'),
(3807, 1, 41, 'B', 37, 'B-37'),
(3808, 1, 41, 'B', 38, 'B-38'),
(3809, 1, 41, 'B', 39, 'B-39'),
(3810, 1, 41, 'B', 40, 'B-40'),
(3811, 1, 41, 'B', 41, 'B-41'),
(3812, 1, 41, 'B', 42, 'B-42'),
(3813, 1, 41, 'B', 43, 'B-43'),
(3814, 1, 41, 'B', 44, 'B-44'),
(3815, 1, 41, 'B', 45, 'B-45'),
(3816, 1, 41, 'B', 46, 'B-46'),
(3817, 1, 41, 'B', 47, 'B-47'),
(3818, 1, 41, 'B', 48, 'B-48'),
(3819, 1, 41, 'B', 49, 'B-49'),
(3820, 1, 41, 'B', 50, 'B-50'),
(3821, 1, 41, 'C', 1, 'C-1'),
(3822, 1, 41, 'C', 2, 'C-2'),
(3823, 1, 41, 'C', 3, 'C-3'),
(3824, 1, 41, 'C', 4, 'C-4'),
(3825, 1, 41, 'C', 5, 'C-5'),
(3826, 1, 41, 'C', 6, 'C-6'),
(3827, 1, 41, 'C', 7, 'C-7'),
(3828, 1, 41, 'C', 8, 'C-8'),
(3829, 1, 41, 'C', 9, 'C-9'),
(3830, 1, 41, 'C', 10, 'C-10'),
(3831, 1, 41, 'C', 11, 'C-11'),
(3832, 1, 41, 'C', 12, 'C-12'),
(3833, 1, 41, 'C', 13, 'C-13'),
(3834, 1, 41, 'C', 14, 'C-14'),
(3835, 1, 41, 'C', 15, 'C-15'),
(3836, 1, 41, 'C', 16, 'C-16'),
(3837, 1, 41, 'C', 17, 'C-17'),
(3838, 1, 41, 'C', 18, 'C-18'),
(3839, 1, 41, 'C', 19, 'C-19'),
(3840, 1, 41, 'C', 20, 'C-20'),
(3841, 1, 41, 'C', 21, 'C-21'),
(3842, 1, 41, 'C', 22, 'C-22'),
(3843, 1, 41, 'C', 23, 'C-23'),
(3844, 1, 41, 'C', 24, 'C-24'),
(3845, 1, 41, 'C', 25, 'C-25'),
(3846, 1, 41, 'C', 26, 'C-26'),
(3847, 1, 41, 'C', 27, 'C-27'),
(3848, 1, 41, 'C', 28, 'C-28'),
(3849, 1, 41, 'C', 29, 'C-29'),
(3850, 1, 41, 'C', 30, 'C-30'),
(3851, 1, 41, 'C', 31, 'C-31'),
(3852, 1, 41, 'C', 32, 'C-32'),
(3853, 1, 41, 'C', 33, 'C-33'),
(3854, 1, 41, 'C', 34, 'C-34'),
(3855, 1, 41, 'C', 35, 'C-35'),
(3856, 1, 41, 'C', 36, 'C-36'),
(3857, 1, 41, 'C', 37, 'C-37'),
(3858, 1, 41, 'C', 38, 'C-38'),
(3859, 1, 41, 'C', 39, 'C-39'),
(3860, 1, 41, 'C', 40, 'C-40'),
(3861, 1, 41, 'C', 41, 'C-41'),
(3862, 1, 41, 'C', 42, 'C-42'),
(3863, 1, 41, 'C', 43, 'C-43'),
(3864, 1, 41, 'C', 44, 'C-44'),
(3865, 1, 41, 'C', 45, 'C-45'),
(3866, 1, 41, 'C', 46, 'C-46'),
(3867, 1, 41, 'C', 47, 'C-47'),
(3868, 1, 41, 'C', 48, 'C-48'),
(3869, 1, 41, 'C', 49, 'C-49'),
(3870, 1, 41, 'C', 50, 'C-50');

-- --------------------------------------------------------

--
-- Struktur dari tabel `settings`
--

CREATE TABLE `settings` (
  `id` int NOT NULL,
  `class` varchar(255) CHARACTER SET utf8mb4 COLLATE utf8mb4_general_ci NOT NULL,
  `key` varchar(255) CHARACTER SET utf8mb4 COLLATE utf8mb4_general_ci NOT NULL,
  `value` text CHARACTER SET utf8mb4 COLLATE utf8mb4_general_ci,
  `type` varchar(31) CHARACTER SET utf8mb4 COLLATE utf8mb4_general_ci NOT NULL DEFAULT 'string',
  `context` varchar(255) CHARACTER SET utf8mb4 COLLATE utf8mb4_general_ci DEFAULT NULL,
  `created_at` datetime NOT NULL,
  `updated_at` datetime NOT NULL
) ENGINE=InnoDB DEFAULT CHARSET=utf8mb4 COLLATE=utf8mb4_general_ci;

-- --------------------------------------------------------

--
-- Struktur dari tabel `ticket_types`
--

CREATE TABLE `ticket_types` (
  `id` int UNSIGNED NOT NULL,
  `event_id` int UNSIGNED NOT NULL,
  `name` varchar(100) CHARACTER SET utf8mb4 COLLATE utf8mb4_general_ci NOT NULL,
  `ticket_date` date DEFAULT NULL,
  `ticket_category` enum('Seating','Standing') CHARACTER SET utf8mb4 COLLATE utf8mb4_general_ci DEFAULT 'Standing',
  `price` decimal(10,2) NOT NULL,
  `ui_color` varchar(7) CHARACTER SET utf8mb4 COLLATE utf8mb4_general_ci DEFAULT '#3B82F6',
  `description` text CHARACTER SET utf8mb4 COLLATE utf8mb4_general_ci,
  `quantity_total` int NOT NULL,
  `quantity_sold` int NOT NULL DEFAULT '0'
) ENGINE=InnoDB DEFAULT CHARSET=utf8mb4 COLLATE=utf8mb4_general_ci;

--
-- Dumping data untuk tabel `ticket_types`
--

INSERT INTO `ticket_types` (`id`, `event_id`, `name`, `ticket_date`, `ticket_category`, `price`, `ui_color`, `description`, `quantity_total`, `quantity_sold`) VALUES
(6, 1, 'DREAM ZONE', '2025-09-27', 'Seating', 3500000.00, '#bef264', '<ul>\r\n<li>Tempat duduk di area lapangan dengan akses soundcheck</li>\r\n<li>Exclusive Soundcheck laminate badge &amp; lanyard</li>\r\n<li>Exclusive gift</li>\r\n</ul>', 400, 0),
(7, 1, 'FUTURE ZONE', '2025-09-27', 'Seating', 3050000.00, '#7dd3fc', '<ul>\r\n<li>Tempat duduk di tribun bawah</li>\r\n</ul>', 210, 0),
(8, 1, 'CAT 1', '2025-09-27', 'Seating', 2950000.00, '#fde047', '<ul>\r\n<li>Tempat duduk di tribun tengah</li>\r\n</ul>', 315, 0),
(9, 1, 'CAT 2', '2025-09-27', 'Seating', 2000000.00, '#f9a8d4', '<ul>\r\n<li>Tempat duduk di tribun tengah</li>\r\n</ul>', 240, 0),
(10, 1, 'CAT 3', '2025-09-27', 'Seating', 1750000.00, '#fb7185', '<ul>\r\n<li>Tempat duduk di tribun atas</li>\r\n</ul>', 400, 0),
(11, 1, 'CAT 4', '2025-09-27', 'Seating', 1400000.00, '#d8b4fe', '<ul>\r\n<li>Tempat duduk di tribun atas</li>\r\n</ul>', 150, 0),
(12, 2, 'CAT 1', NULL, 'Standing', 3350000.00, '#d92af7', '<ul>\r\n<li>Soundcheck Session</li>\r\n<li>Exclusive Lanyard</li>\r\n<li>Photocard Poster</li>\r\n</ul>', 100, 4),
(13, 2, 'CAT 2', NULL, 'Standing', 2900000.00, '#01b371', '<ul>\r\n<li>Photocard Poster</li>\r\n</ul>', 100, 6),
(14, 2, 'CAT 3', NULL, 'Seating', 2850000.00, '#fe518e', '', 320, 7),
(15, 2, 'CAT 4', NULL, 'Standing', 2600000.00, '#fe1919', '', 100, 4),
(16, 2, 'CAT 5', NULL, 'Seating', 1850000.00, '#439efb', '', 120, 5),
(17, 2, 'CAT 6', NULL, 'Standing', 1400000.00, '#fec565', '', 2, 1),
(36, 1, 'DREAM ZONE (Copy)', '2025-09-27', 'Seating', 3500000.00, '#bef264', '<ul>\r\n<li>Tempat duduk di area lapangan dengan akses soundcheck</li>\r\n<li>Exclusive Soundcheck laminate badge &amp; lanyard</li>\r\n<li>Exclusive gift</li>\r\n</ul>', 400, 0),
(37, 1, 'FUTURE ZONE (Copy)', '2025-09-27', 'Seating', 3050000.00, '#7dd3fc', '<ul>\r\n<li>Tempat duduk di tribun bawah</li>\r\n</ul>', 210, 0),
(38, 1, 'CAT 1 (Copy)', '2025-09-27', 'Seating', 2950000.00, '#fde047', '<ul>\r\n<li>Tempat duduk di tribun tengah</li>\r\n</ul>', 315, 0),
(39, 1, 'CAT 2 (Copy)', '2025-09-27', 'Seating', 2000000.00, '#f9a8d4', '<ul>\r\n<li>Tempat duduk di tribun tengah</li>\r\n</ul>', 240, 0),
(40, 1, 'CAT 3 (Copy)', '2025-09-27', 'Seating', 1750000.00, '#fb7185', '<ul>\r\n<li>Tempat duduk di tribun atas</li>\r\n</ul>', 400, 0),
(41, 1, 'CAT 4 (Copy)', '2025-09-27', 'Seating', 1400000.00, '#d8b4fe', '<ul>\r\n<li>Tempat duduk di tribun atas</li>\r\n</ul>', 150, 0);

-- --------------------------------------------------------

--
-- Struktur dari tabel `users`
--

CREATE TABLE `users` (
  `id` int UNSIGNED NOT NULL,
  `username` varchar(30) CHARACTER SET utf8mb4 COLLATE utf8mb4_general_ci DEFAULT NULL,
  `status` varchar(255) CHARACTER SET utf8mb4 COLLATE utf8mb4_general_ci DEFAULT NULL,
  `status_message` varchar(255) CHARACTER SET utf8mb4 COLLATE utf8mb4_general_ci DEFAULT NULL,
  `active` tinyint(1) NOT NULL DEFAULT '0',
  `last_active` datetime DEFAULT NULL,
  `created_at` datetime DEFAULT NULL,
  `updated_at` datetime DEFAULT NULL,
  `deleted_at` datetime DEFAULT NULL,
  `foto` varchar(255) CHARACTER SET utf8mb4 COLLATE utf8mb4_general_ci NOT NULL,
  `email` varchar(255) CHARACTER SET utf8mb4 COLLATE utf8mb4_general_ci NOT NULL
) ENGINE=InnoDB DEFAULT CHARSET=utf8mb4 COLLATE=utf8mb4_general_ci;

--
-- Dumping data untuk tabel `users`
--

INSERT INTO `users` (`id`, `username`, `status`, `status_message`, `active`, `last_active`, `created_at`, `updated_at`, `deleted_at`, `foto`, `email`) VALUES
(4, 'admin ganteng', NULL, NULL, 0, '2025-12-24 21:55:52', '2025-11-18 05:15:31', '2025-11-18 05:15:31', NULL, '1766588152_e9da5bccdcec2b993759.jpg', 'admin@ticketly.com'),
(7, 'hana', NULL, NULL, 1, '2025-11-27 05:10:56', '2025-11-24 12:53:32', '2025-11-24 13:10:12', NULL, '1764220204_61c3c8164dd314fce75f.jpg', 'dzakirahraihanah27@gmail.com'),
(11, 'Pratama87559', NULL, NULL, 1, '2025-12-24 21:55:13', '2025-12-05 14:00:53', '2025-12-05 14:01:24', NULL, '1766588053_10f4a7e085ab3bba26e0.jpg', 'pratamaputra6854@gmail.com');

--
-- Indexes for dumped tables
--

--
-- Indeks untuk tabel `auth_groups_users`
--
ALTER TABLE `auth_groups_users`
  ADD PRIMARY KEY (`id`),
  ADD KEY `auth_groups_users_user_id_foreign` (`user_id`);

--
-- Indeks untuk tabel `auth_identities`
--
ALTER TABLE `auth_identities`
  ADD PRIMARY KEY (`id`),
  ADD UNIQUE KEY `type_secret` (`type`,`secret`),
  ADD KEY `user_id` (`user_id`);

--
-- Indeks untuk tabel `auth_logins`
--
ALTER TABLE `auth_logins`
  ADD PRIMARY KEY (`id`),
  ADD KEY `id_type_identifier` (`id_type`,`identifier`),
  ADD KEY `user_id` (`user_id`);

--
-- Indeks untuk tabel `auth_permissions_users`
--
ALTER TABLE `auth_permissions_users`
  ADD PRIMARY KEY (`id`),
  ADD KEY `auth_permissions_users_user_id_foreign` (`user_id`);

--
-- Indeks untuk tabel `auth_remember_tokens`
--
ALTER TABLE `auth_remember_tokens`
  ADD PRIMARY KEY (`id`),
  ADD UNIQUE KEY `selector` (`selector`),
  ADD KEY `auth_remember_tokens_user_id_foreign` (`user_id`);

--
-- Indeks untuk tabel `auth_token_logins`
--
ALTER TABLE `auth_token_logins`
  ADD PRIMARY KEY (`id`),
  ADD KEY `id_type_identifier` (`id_type`,`identifier`),
  ADD KEY `user_id` (`user_id`);

--
-- Indeks untuk tabel `events`
--
ALTER TABLE `events`
  ADD PRIMARY KEY (`id`),
  ADD KEY `slug` (`slug`);

--
-- Indeks untuk tabel `migrations`
--
ALTER TABLE `migrations`
  ADD PRIMARY KEY (`id`);

--
-- Indeks untuk tabel `orders`
--
ALTER TABLE `orders`
  ADD PRIMARY KEY (`id`);

--
-- Indeks untuk tabel `order_items`
--
ALTER TABLE `order_items`
  ADD PRIMARY KEY (`id`),
  ADD KEY `order_items_order_id_foreign` (`order_id`),
  ADD KEY `order_items_ticket_type_id_foreign` (`ticket_type_id`);

--
-- Indeks untuk tabel `payment_methods`
--
ALTER TABLE `payment_methods`
  ADD PRIMARY KEY (`id`);

--
-- Indeks untuk tabel `seats`
--
ALTER TABLE `seats`
  ADD PRIMARY KEY (`id`),
  ADD KEY `seats_event_id_foreign` (`event_id`),
  ADD KEY `seats_ticket_type_id_foreign` (`ticket_type_id`);

--
-- Indeks untuk tabel `settings`
--
ALTER TABLE `settings`
  ADD PRIMARY KEY (`id`);

--
-- Indeks untuk tabel `ticket_types`
--
ALTER TABLE `ticket_types`
  ADD PRIMARY KEY (`id`),
  ADD KEY `ticket_types_event_id_foreign` (`event_id`);

--
-- Indeks untuk tabel `users`
--
ALTER TABLE `users`
  ADD PRIMARY KEY (`id`),
  ADD UNIQUE KEY `username` (`username`);

--
-- AUTO_INCREMENT untuk tabel yang dibuang
--

--
-- AUTO_INCREMENT untuk tabel `auth_groups_users`
--
ALTER TABLE `auth_groups_users`
  MODIFY `id` int UNSIGNED NOT NULL AUTO_INCREMENT, AUTO_INCREMENT=12;

--
-- AUTO_INCREMENT untuk tabel `auth_identities`
--
ALTER TABLE `auth_identities`
  MODIFY `id` int UNSIGNED NOT NULL AUTO_INCREMENT, AUTO_INCREMENT=79;

--
-- AUTO_INCREMENT untuk tabel `auth_logins`
--
ALTER TABLE `auth_logins`
  MODIFY `id` int UNSIGNED NOT NULL AUTO_INCREMENT, AUTO_INCREMENT=124;

--
-- AUTO_INCREMENT untuk tabel `auth_permissions_users`
--
ALTER TABLE `auth_permissions_users`
  MODIFY `id` int UNSIGNED NOT NULL AUTO_INCREMENT;

--
-- AUTO_INCREMENT untuk tabel `auth_remember_tokens`
--
ALTER TABLE `auth_remember_tokens`
  MODIFY `id` int UNSIGNED NOT NULL AUTO_INCREMENT, AUTO_INCREMENT=25;

--
-- AUTO_INCREMENT untuk tabel `auth_token_logins`
--
ALTER TABLE `auth_token_logins`
  MODIFY `id` int UNSIGNED NOT NULL AUTO_INCREMENT, AUTO_INCREMENT=9;

--
-- AUTO_INCREMENT untuk tabel `events`
--
ALTER TABLE `events`
  MODIFY `id` int UNSIGNED NOT NULL AUTO_INCREMENT, AUTO_INCREMENT=17;

--
-- AUTO_INCREMENT untuk tabel `migrations`
--
ALTER TABLE `migrations`
  MODIFY `id` bigint UNSIGNED NOT NULL AUTO_INCREMENT, AUTO_INCREMENT=7;

--
-- AUTO_INCREMENT untuk tabel `orders`
--
ALTER TABLE `orders`
  MODIFY `id` int UNSIGNED NOT NULL AUTO_INCREMENT, AUTO_INCREMENT=66;

--
-- AUTO_INCREMENT untuk tabel `order_items`
--
ALTER TABLE `order_items`
  MODIFY `id` int UNSIGNED NOT NULL AUTO_INCREMENT, AUTO_INCREMENT=96;

--
-- AUTO_INCREMENT untuk tabel `seats`
--
ALTER TABLE `seats`
  MODIFY `id` int UNSIGNED NOT NULL AUTO_INCREMENT, AUTO_INCREMENT=3871;

--
-- AUTO_INCREMENT untuk tabel `settings`
--
ALTER TABLE `settings`
  MODIFY `id` int NOT NULL AUTO_INCREMENT;

--
-- AUTO_INCREMENT untuk tabel `ticket_types`
--
ALTER TABLE `ticket_types`
  MODIFY `id` int UNSIGNED NOT NULL AUTO_INCREMENT, AUTO_INCREMENT=42;

--
-- AUTO_INCREMENT untuk tabel `users`
--
ALTER TABLE `users`
  MODIFY `id` int UNSIGNED NOT NULL AUTO_INCREMENT, AUTO_INCREMENT=12;

--
-- Ketidakleluasaan untuk tabel pelimpahan (Dumped Tables)
--

--
-- Ketidakleluasaan untuk tabel `auth_groups_users`
--
ALTER TABLE `auth_groups_users`
  ADD CONSTRAINT `auth_groups_users_user_id_foreign` FOREIGN KEY (`user_id`) REFERENCES `users` (`id`) ON DELETE CASCADE;

--
-- Ketidakleluasaan untuk tabel `auth_identities`
--
ALTER TABLE `auth_identities`
  ADD CONSTRAINT `auth_identities_user_id_foreign` FOREIGN KEY (`user_id`) REFERENCES `users` (`id`) ON DELETE CASCADE;

--
-- Ketidakleluasaan untuk tabel `auth_permissions_users`
--
ALTER TABLE `auth_permissions_users`
  ADD CONSTRAINT `auth_permissions_users_user_id_foreign` FOREIGN KEY (`user_id`) REFERENCES `users` (`id`) ON DELETE CASCADE;

--
-- Ketidakleluasaan untuk tabel `auth_remember_tokens`
--
ALTER TABLE `auth_remember_tokens`
  ADD CONSTRAINT `auth_remember_tokens_user_id_foreign` FOREIGN KEY (`user_id`) REFERENCES `users` (`id`) ON DELETE CASCADE;

--
-- Ketidakleluasaan untuk tabel `order_items`
--
ALTER TABLE `order_items`
  ADD CONSTRAINT `order_items_order_id_foreign` FOREIGN KEY (`order_id`) REFERENCES `orders` (`id`) ON DELETE CASCADE ON UPDATE CASCADE,
  ADD CONSTRAINT `order_items_ticket_type_id_foreign` FOREIGN KEY (`ticket_type_id`) REFERENCES `ticket_types` (`id`) ON DELETE SET NULL ON UPDATE SET NULL;

--
-- Ketidakleluasaan untuk tabel `seats`
--
ALTER TABLE `seats`
  ADD CONSTRAINT `seats_event_id_foreign` FOREIGN KEY (`event_id`) REFERENCES `events` (`id`) ON DELETE CASCADE ON UPDATE CASCADE,
  ADD CONSTRAINT `seats_ticket_type_id_foreign` FOREIGN KEY (`ticket_type_id`) REFERENCES `ticket_types` (`id`) ON DELETE CASCADE ON UPDATE CASCADE;

--
-- Ketidakleluasaan untuk tabel `ticket_types`
--
ALTER TABLE `ticket_types`
  ADD CONSTRAINT `ticket_types_event_id_foreign` FOREIGN KEY (`event_id`) REFERENCES `events` (`id`) ON DELETE CASCADE ON UPDATE CASCADE;
COMMIT;

/*!40101 SET CHARACTER_SET_CLIENT=@OLD_CHARACTER_SET_CLIENT */;
/*!40101 SET CHARACTER_SET_RESULTS=@OLD_CHARACTER_SET_RESULTS */;
/*!40101 SET COLLATION_CONNECTION=@OLD_COLLATION_CONNECTION */;
